lat,lon,velocity,heading,vertrate,baroaltitude,geoaltitude,rss,doppler,label,altitude_difference,speed_change,trajectory_jump,signal_strength_variation,doppler_shift_anomaly,Simulated_Attack,Predicted_Category
40.77859244,-73.36471744,277.9581399,19.3885129,-24.28895687,2640.021251,2620.720495,-67.82988759,-105.5442425539413,2,19.300756000000092,162.0260013,0.12731597999999167,102.90374405496402,266.6107257361766,GNSS Jamming (Simulated),GNSS Jamming
40.72431661,-74.14816423,56.84315217,205.1735245,-0.65024,-7.62,1422.9190719423957,-86.10227047,-34.13718991288053,0,1430.5390719423956,0.0,0.0,144.38668850496222,455.50283254314525,GNSS Jamming (Simulated),GNSS Spoofing
40.61436023,-74.05883789,185.0354307,193.9976084,7.80288,3733.8,3810.0,-85.26374087,477.4415928374837,0,76.19999999999982,0.12376059999999711,0.02051219999999887,134.81433528618857,351.69284634035137,GNSS Jamming (Simulated),Normal GNSS
40.64804254,-73.40111916,221.1353448,183.6699787,-26.54495785,-949.9262131,-957.2531458,-67.36555948,-4.711212529715382,2,7.326932699999929,19.41230519999999,0.16050957999999582,88.70450318944798,312.1807603296876,GNSS Jamming (Simulated),Normal GNSS
40.76342481,-73.48215824,50.25749648,312.790002,3.320441291,-1058.098179,-1064.495608,-68.73614077,-139.54361704845658,2,6.397428999999875,202.35930552000002,0.09501016000000106,150.9506057657332,164.41943297923024,GNSS Jamming (Simulated),GNSS Jamming
40.97753385,-73.95121988,61.53576048,339.4439548,-1.6256,91.44,45.72,-57.51525396,-37.75973942167241,3,45.72,0.0,0.007772839999994119,143.5459073656412,200.93503787722824,GNSS Jamming (Simulated),Normal GNSS
40.77663803,-73.86904907,29.82888096,302.3196165,-0.32512,-7.62,1422.9190719423957,-81.29480248,180.90725630833487,0,1430.5390719423956,0.0,0.0009823299999922597,100.0063064275584,246.425598902978,GNSS Jamming (Simulated),GNSS Spoofing
41.06623077,-73.70783997,117.37718697045607,182.77641750174155,1.7649764068873306,1296.6709826257418,1422.9190719423957,-86.31638699,-49.085468518129616,0,126.24808931665393,0.0,0.0015298700000130339,138.65369909214053,264.35502845751125,GNSS Jamming (Simulated),Normal GNSS
40.74476025,-73.32544004,217.1461597,60.32174431,-23.29265824,-2639.752,-2646.02076,-67.57803882,-1.7505283904348516,2,6.268759999999929,121.66326012,0.010286829999998304,88.67703341885925,227.3994142862797,GNSS Jamming (Simulated),GNSS Jamming
40.86785889,-74.03918457,64.12622359,228.2519456,-3.2512,0.0,53.34,-84.85520324,-294.4673288669158,0,53.34,0.0,0.0,150.07990598382003,401.9746203340951,GNSS Jamming (Simulated),Weak GNSS Signal
40.27355129,-74.08274564,232.0347752,66.61793018,0.0,8839.2,9159.24,-88.10688991,642.4586972312107,0,320.03999999999905,18.9506375,1.3966454299999995,130.752078703145,421.32716732643274,GNSS Jamming (Simulated),Normal GNSS
40.33222961,-74.11401367,40.975069,321.1155036,2.92608,304.8,281.94,-87.52422139,-189.39235933623502,0,22.860000000000014,0.0,0.00839000000000567,125.51619094570559,482.01615497613545,GNSS Jamming (Simulated),Weak GNSS Signal
40.50161071,-74.16632912,145.2746499,42.560302,-10.07872,2019.3,2057.4,-86.97334222,247.00450973061012,0,38.100000000000136,1.0754006000000231,0.020873399999999265,86.57902137848724,192.83542509900886,GNSS Jamming (Simulated),Normal GNSS
40.63899368,-73.32435027,16.56679009,290.4442391,25.81303824,1235.658767,1239.286308,-66.92820821,-35.137950199786275,2,3.6275410000000647,60.06608490000001,0.21918661000000128,143.98039303377695,362.2112872053395,GNSS Jamming (Simulated),Normal GNSS
41.07705688,-73.87744141,66.36526994,359.5558556,2.27584,342.9,327.66,-87.70211713,-207.56912951584664,0,15.239999999999952,0.005981460000000993,0.004920590000011771,82.22283857706947,503.4155904963703,GNSS Jamming (Simulated),Normal GNSS
40.72518591,-73.78944002,27.65357974,162.077115,-10.72896,3566.16,3642.36,-71.88309456,-98.05679870865414,3,76.20000000000027,3.25350087,0.0033836899999926118,97.27455530160894,292.69520460053127,GNSS Jamming (Simulated),Normal GNSS
40.77618027,-73.87202454,117.37718697045607,182.77641750174155,1.7649764068873306,1296.6709826257418,1422.9190719423957,-81.58172725,-93.59703119074382,0,126.24808931665393,0.0,0.00013352000000566022,90.1156387729419,169.658662733597,GNSS Jamming (Simulated),Normal GNSS
40.62160146,-73.12577269,83.58998644,120.1629835,12.76892265,-2368.291062,-2377.490023,-69.15595464,-56.11844550808658,2,9.198961000000054,208.69902565999996,0.15681349999999128,136.36559728500762,314.9152121995518,GNSS Jamming (Simulated),GNSS Jamming
40.58361891,-73.3350372,241.5044244,264.2686739,4.65736308,-2253.080237,-2244.508465,-68.96865935,256.19003474049543,2,8.571772000000237,57.56729769999998,0.15353894000000423,95.81782441408664,421.844425310976,GNSS Jamming (Simulated),Normal GNSS
40.67156837,-73.26091377,158.505065,333.4808018,20.23017355,-341.9111141,-358.6037414,-66.80012399,-35.69641637000038,2,16.69262729999997,13.546024799999998,0.12655000000000882,144.75032408331904,216.76515601374106,GNSS Jamming (Simulated),Normal GNSS
40.77677536,-73.87635803,117.37718697045607,182.77641750174155,1.7649764068873306,1296.6709826257418,1422.9190719423957,-85.35912253,113.31583539176748,0,126.24808931665393,0.0,0.0,125.9917704490929,502.34183680477855,GNSS Jamming (Simulated),Weak GNSS Signal
40.77534485,-73.87153625,63.17405834,307.0565282,-5.52704,0.0,1422.9190719423957,-82.53346744,172.12416817281658,0,1422.9190719423957,0.0,0.0,82.62153381714016,269.6352031217299,GNSS Jamming (Simulated),GNSS Spoofing
40.41675829,-73.62262795,136.9088107,264.3978124,-2.60096,883.92,899.16,-81.9825758,10.073428135355172,1,15.240000000000009,0.9271407999999894,0.017631430000001558,80.67261030959503,359.5218236684374,GNSS Jamming (Simulated),Normal GNSS
41.05964402,-73.70234403,117.37718697045607,182.77641750174155,1.7649764068873306,1296.6709826257418,1422.9190719423957,-86.18110526,91.4499583982807,0,126.24808931665393,0.0,0.00011843999999427979,83.64764355131894,420.8356579241006,GNSS Jamming (Simulated),Normal GNSS
40.64416444,-73.37740567,113.5614171,262.9181162,16.08563721,2474.281307,2460.271139,-66.99834217,-51.473566005168806,2,14.010168000000249,38.05626848,0.06852770999999791,123.67979677028276,209.45356740970826,GNSS Jamming (Simulated),Normal GNSS
40.6340626,-74.21331865,169.7914609,206.254508,-0.65024,-7.62,1422.9190719423957,-68.80924802,7.0590989735841845,3,1430.5390719423956,0.0,0.022646280000010677,136.35480147714657,405.90036893580407,GNSS Jamming (Simulated),GNSS Spoofing
40.7153984,-74.21983763,62.50441673,295.1944289,-0.65024,-7.62,1422.9190719423957,-88.99183734,241.3332866391981,1,1430.5390719423956,0.0,0.0,96.76588306215527,290.5698462539384,GNSS Jamming (Simulated),GNSS Spoofing
40.63206959,-73.38797451,68.34478203,219.3844433,14.08646496,1939.705876,1953.859106,-66.64577623,-1.287524478171754,2,14.153230000000121,91.38054557000001,0.01036884999999188,140.0765311858558,296.9846932726238,GNSS Jamming (Simulated),GNSS Jamming
40.58759269,-73.84360574,262.0156775,48.42251391,0.32512,7010.4,7246.62,-85.08697007,885.4647539096434,0,236.22000000000025,2.2214574999999854,0.04006849999999673,84.51066211675915,300.12143284216296,GNSS Jamming (Simulated),Normal GNSS
40.75548399,-73.45011286,52.29262019,321.2162335,24.26838181,2111.638254,2085.65329,-65.88339078,-128.2630164890007,2,25.984963999999763,191.12288761,0.038827550000007705,137.03528472098506,165.884610562613,GNSS Jamming (Simulated),GNSS Jamming
40.87214666,-74.35009507,82.83027682,263.5812133,-3.90144,68.58,53.34,-68.41085981,-289.9382236053922,3,15.239999999999995,0.0,0.01064631999999932,145.3741507870262,307.1140518944869,GNSS Jamming (Simulated),Normal GNSS
40.63992124,-73.5722096,110.6473254,329.8586144,-2.92608,411.48,396.24,-67.80811695,231.73702364322023,3,15.240000000000009,4.069227999999995,0.015223909999988905,134.23887631164823,330.94330869244556,GNSS Jamming (Simulated),Normal GNSS
40.74774947,-73.34596475,31.52158448,48.61302186,-21.95919654,-554.0890472,-540.5136047,-65.0970151,30.469119504082197,2,13.575442500000008,139.12354392,0.09075680000000119,131.05749928898237,294.93478682147725,GNSS Jamming (Simulated),GNSS Jamming
40.56795534,-73.22697807,35.02795155,196.8929447,29.36636804,-2353.943352,-2342.078456,-67.32043936,-165.6710437414714,2,11.86489599999959,117.20575505000001,1.195496569999996,147.56319027232,270.6532853348483,GNSS Jamming (Simulated),GNSS Jamming
40.38702393,-74.14648438,203.1141922,192.1352989,9.42848,4777.74,4899.66,-87.39409759,821.4153000619696,0,121.92000000000007,1.1138397999999938,0.022197770000005335,83.03301809387861,478.5765447300316,GNSS Jamming (Simulated),Normal GNSS
41.06638246,-73.7030931,0.0,0.0,0.0,1296.6709826257418,1422.9190719423957,-69.00404355,-188.02270617801906,3,126.24808931665393,0.0,0.0,103.30122822381244,398.8197540559457,GNSS Jamming (Simulated),Normal GNSS
41.08840167,-73.7349909,98.86029001,285.6996685,10.07872,563.88,556.26,-87.21873353,-124.10379459327612,0,7.6200000000000045,4.690335689999998,0.01496665999999891,88.91077186003535,431.1214468611289,GNSS Jamming (Simulated),Normal GNSS
40.35767119,-73.84922374,117.5422924,316.5960639,-4.22656,777.24,769.62,-84.86089461,-29.50758181181888,0,7.6200000000000045,1.7931926000000118,0.01674927999999909,115.43548166931757,367.5582442348282,GNSS Jamming (Simulated),Normal GNSS
40.62301894,-73.35614985,59.32188474,46.75698831,-0.65024,1059.18,1021.08,-69.95562794,6.415381392613838,0,38.10000000000002,3.2592891600000016,0.00902607999999816,132.71846316609776,273.82535792654824,GNSS Jamming (Simulated),Normal GNSS
40.58948328,-74.12474195,81.8758273,230.5933148,1.6256,365.76,350.52,-88.15205847,-14.683369943896409,1,15.240000000000009,2.1188736499999976,0.012337319999993213,124.23018983836488,320.89110591696016,GNSS Jamming (Simulated),Normal GNSS
40.64751603,-73.23600087,183.3575242,354.4131131,28.75567778,3091.598462,3106.308721,-64.81621155,70.0790013066443,2,14.710258999999951,61.31427529999999,0.08032442000000373,141.24690721605862,406.3785376064104,GNSS Jamming (Simulated),Weak GNSS Signal
40.7153984,-74.21983763,62.50441673,295.1944289,-0.65024,-7.62,1422.9190719423957,-88.57887355,93.78602422746424,1,1430.5390719423956,0.0,0.0,90.93155060989649,320.4998587807742,GNSS Jamming (Simulated),GNSS Spoofing
40.72431661,-74.14816423,56.84315217,205.1735245,-0.65024,-7.62,1422.9190719423957,-85.64343072,284.75252031237045,0,1430.5390719423956,0.0,0.0,131.46903197130533,275.76760617926493,GNSS Jamming (Simulated),GNSS Spoofing
40.76969341,-73.88251045,117.37718697045607,182.77641750174155,1.7649764068873306,1296.6709826257418,1422.9190719423957,-82.54637979,-57.51564406616592,0,126.24808931665393,0.0,0.0008405800000019781,93.58105489087224,229.61543858985803,GNSS Jamming (Simulated),Normal GNSS
40.77521896,-73.86608887,48.37415164,302.8450583,0.0,1296.6709826257418,1422.9190719423957,-85.23724952,97.6178038812672,0,126.24808931665393,0.0,0.0,99.05665501466645,327.41497935150164,GNSS Jamming (Simulated),Normal GNSS
40.66080462,-73.44673216,18.30466802,204.1082124,-8.941917098,1177.727938,1151.92491,-67.96211464,-132.18760272373763,2,25.80302800000004,67.14824766000001,0.06580104999999747,130.33647488526097,280.16084306640164,GNSS Jamming (Simulated),GNSS Jamming
40.6067641,-73.3086677,248.921127,283.6510312,21.94963767,3138.779061,3152.604071,-69.89965258,85.46052735422387,2,13.82501000000002,17.087082299999963,0.2527044200000006,150.1494103745137,377.30699614680873,GNSS Jamming (Simulated),Normal GNSS
41.06613806,-73.70299946,117.37718697045607,182.77641750174155,1.7649764068873306,1296.6709826257418,1422.9190719423957,-85.90384616,-77.1222374834195,0,126.24808931665393,0.0,0.0,122.85169366231766,211.88573539105204,GNSS Jamming (Simulated),Normal GNSS
40.77304459,-73.86555481,117.37718697045607,182.77641750174155,1.7649764068873306,1296.6709826257418,1422.9190719423957,-83.88824667,106.31193442023279,0,126.24808931665393,64.14031060045608,0.5220909099999957,85.53633902843848,428.64043806932983,GNSS Jamming (Simulated),Normal GNSS
40.62954518,-73.16434173,66.35222376,54.38205069,35.11337779,-1655.235628,-1685.486903,-66.1734811,199.30939173900293,2,30.251275000000078,224.11904174,0.17261709999999653,124.53585871851482,323.7940739791265,GNSS Jamming (Simulated),GNSS Jamming
40.6750768,-73.56168281,143.8540338,62.24612308,18.20672,2209.8,2217.42,-73.8559898,108.43820581873716,1,7.619999999999891,0.15462049999999294,0.02069948000001176,83.80426497853675,393.00365600499606,GNSS Jamming (Simulated),Normal GNSS
41.06638246,-73.7030931,0.0,0.0,0.0,114.3,1422.9190719423957,-69.75267592,-24.262278936858777,3,1308.6190719423957,0.0,0.0,142.35427417624427,357.93893337004863,GNSS Jamming (Simulated),Normal GNSS
41.03884478,-73.93439596,89.82021346,9.89392067,0.32512,213.36,190.5,-69.5544543,-119.13172801991011,3,22.860000000000014,0.3306131800000003,0.009819679999992559,129.67047995704345,218.08453231144495,GNSS Jamming (Simulated),Normal GNSS
40.58190414,-73.11690952,129.4386265,106.0851991,-21.40313403,-1869.022109,-1866.550924,-70.08567884,91.86415156475819,2,2.471185000000105,21.30068750000001,0.03704605000000072,93.07034456960733,276.59637316580364,GNSS Jamming (Simulated),Normal GNSS
40.31850148,-73.51627877,147.4795297,255.8668095,-0.32512,1371.6,1363.98,-64.59842374,90.93934350423389,3,7.619999999999891,0.06817540000000122,0.020153529999994646,87.53932782803709,246.76479472163723,GNSS Jamming (Simulated),Normal GNSS
40.29268426,-73.85128368,130.3077614,338.702646,-1.6256,891.54,906.78,-85.5752124,-268.86267213866597,0,15.240000000000009,0.8701341999999954,0.017899830000004613,92.93432919858743,516.3346133605171,GNSS Jamming (Simulated),Weak GNSS Signal
40.53627621,-73.21711185,91.15062348,190.3052942,-10.80289875,-1432.839435,-1423.268725,-66.65329048,26.04140911991584,2,9.57071000000019,72.39609365,0.016162889999989716,149.7203834521036,409.32623705958645,GNSS Jamming (Simulated),GNSS Jamming
40.73487048,-73.98110782,142.150475,247.8905517,0.0,609.6,594.36,-70.1303895,-89.97518672167662,3,15.240000000000009,1.7357504000000006,0.02048900000001197,112.26350224688805,313.64677196811874,GNSS Jamming (Simulated),Normal GNSS
41.07069397,-73.7063446,117.37718697045607,182.77641750174155,1.7649764068873306,1296.6709826257418,1422.9190719423957,-86.75774763,100.22423402654542,0,126.24808931665393,0.0,1.096999999106174e-05,134.97499735412813,159.98382854327673,GNSS Jamming (Simulated),Normal GNSS
40.63088627,-74.19597973,113.5570313,203.7780046,6.82752,586.74,579.12,-88.22683452,33.58389758234839,0,7.6200000000000045,4.531308700000011,0.011886060000009024,124.57225446496282,410.8822855074678,GNSS Jamming (Simulated),Normal GNSS
41.06355441,-73.7157024,117.37718697045607,182.77641750174155,1.7649764068873306,1296.6709826257418,1422.9190719423957,-83.53024365,-60.3359370881297,0,126.24808931665393,0.0,2.9310000002169545e-05,120.06902845772919,171.92598662890475,GNSS Jamming (Simulated),Normal GNSS
40.89463806,-74.1762085,137.5654422,126.4842176,-0.65024,1203.96,1211.58,-86.85048549,-202.55562974796914,0,7.619999999999891,2.1286029999999982,0.020355219999999008,90.42470456305236,412.21489815445125,GNSS Jamming (Simulated),Normal GNSS
40.77365112,-73.86573792,117.37718697045607,182.77641750174155,1.7649764068873306,0.0,1422.9190719423957,-82.3257246,72.03337420048938,0,1422.9190719423957,0.0,0.0,146.30354893926676,196.55020108861117,GNSS Jamming (Simulated),GNSS Spoofing
41.06700897,-73.70401001,52.32429119,329.9057585,1.30048,1296.6709826257418,1422.9190719423957,-83.74723791,-152.1344615765034,0,126.24808931665393,0.0,0.0,101.20941817523538,181.15148133917126,GNSS Jamming (Simulated),Normal GNSS
40.97665384,-74.06868455,51.7368021,248.2245226,-2.92608,53.34,30.48,-85.73480045,48.00251717819623,1,22.860000000000003,0.0,0.0,120.53648813398014,331.2669173273176,GNSS Jamming (Simulated),Normal GNSS
40.70539565,-73.52926955,20.41258704,237.3002844,-9.401476705,929.6273212,929.4534361,-68.57656831,267.79105453490973,2,0.1738851000000068,63.14710673,0.08915070999999841,131.11006341370847,293.0434110140917,GNSS Jamming (Simulated),Normal GNSS
40.68040889,-73.16924576,67.55524192,37.53701675,21.61239729,-978.3650841,-968.579121,-67.85965331,-126.08455300833973,2,9.785963100000004,64.878165829,0.04994997000000723,126.42372275743581,219.2259692146903,GNSS Jamming (Simulated),Normal GNSS
40.74423282,-73.32382243,63.94463525,61.30181054,10.53017181,-2881.941831,-2876.781283,-67.7903693,97.79320450467354,2,5.16054800000029,122.80629955,0.1071866099999852,147.22126100665764,173.0420092788088,GNSS Jamming (Simulated),GNSS Jamming
40.72819003,-74.02932402,134.8196668,271.3118878,-1.30048,594.36,579.12,-69.1697127,188.05517199078156,3,15.240000000000009,3.2201438000000167,0.016308240000007856,90.87284315655982,292.7320599208032,GNSS Jamming (Simulated),Normal GNSS
41.07591248,-73.70967102,117.37718697045607,182.77641750174155,1.7649764068873306,1296.6709826257418,1422.9190719423957,-83.84286687,87.45775304391474,0,126.24808931665393,0.0,0.0,115.73881285300467,153.17220245046602,GNSS Jamming (Simulated),Normal GNSS
41.07590239,-73.70967865,117.37718697045607,182.77641750174155,1.7649764068873306,1296.6709826257418,1422.9190719423957,-86.72060005,68.47930592679883,0,126.24808931665393,0.0,0.0,108.3168941133051,158.309311374639,GNSS Jamming (Simulated),Normal GNSS
40.8570836,-74.01770158,193.9290124,122.762623,-6.5024,5775.96,5928.36,-87.26823643,-171.01607412638765,0,152.39999999999964,0.0,0.02795991000000697,113.61077884331388,507.4578885853779,GNSS Jamming (Simulated),Weak GNSS Signal
40.64218578,-73.41485984,105.802853,177.9441841,5.607884834,-2103.452503,-2107.230401,-67.27279094,194.22146888840422,2,3.777897999999823,84.07420556,0.14065295000001043,89.68876457823899,192.27700201607618,GNSS Jamming (Simulated),GNSS Jamming
40.57513339,-73.15042423,165.3196707,105.5805572,13.41923042,3063.675797,3070.473363,-68.20337752,98.45747979155391,2,6.797566000000188,65.11752059999999,0.13702708000000285,90.98790177954649,371.38161507664563,GNSS Jamming (Simulated),Normal GNSS
40.84884385,-74.10209656,115.2561238,163.6681884,0.0,899.16,906.78,-85.64416943,248.74952382893602,0,7.6200000000000045,1.3866086000000024,0.01405592999999783,99.51519646509732,386.7754421479259,GNSS Jamming (Simulated),Normal GNSS
40.52237301,-74.26458185,147.5593635,162.1335684,10.40384,1706.88,1722.12,-87.84893564,440.88986320452557,0,15.239999999999782,2.307487100000003,0.016038909999998907,101.43045896869067,656.1437521658041,GNSS Jamming (Simulated),Weak GNSS Signal
40.81704614,-73.70732148,104.6485824,329.9057585,-2.92608,121.92,1422.9190719423957,-72.715,272.97592681998884,3,1300.9990719423956,0.0,0.014410220000009133,110.15652731529325,324.02414758280736,GNSS Jamming (Simulated),Normal GNSS
40.71739197,-73.39685059,37.13273755,312.7542574,-1.6256,76.2,53.34,-74.32693006,76.46154077087553,0,22.86,0.6906342500000022,0.005446949999999617,122.81287308307382,376.3432583035344,GNSS Jamming (Simulated),Normal GNSS
40.90354041,-74.03582315,97.77413906,232.1012489,-3.57632,548.64,548.64,-84.77862614,124.7557733680857,1,0.0,0.2724103999999983,0.015651839999996753,124.58788823940998,435.9912118471912,GNSS Jamming (Simulated),Normal GNSS
40.59562683,-73.80560303,71.9927572,30.96375653,-3.57632,190.5,167.64,-81.51774596,-4.513297206060656,0,22.860000000000014,2.0264818899999995,0.01059365999999784,109.02655079562781,291.33185737933076,GNSS Jamming (Simulated),Normal GNSS
40.71988546,-73.37917629,101.5823533,113.1560324,33.2926955,-1655.569676,-1635.382329,-66.07346595,213.60668041934366,2,20.187347000000045,85.7689102,0.12243392999999259,110.31203658205555,282.8467423419188,GNSS Jamming (Simulated),GNSS Jamming
40.64021748,-73.23419497,288.4918911,116.5430202,9.882082532,-952.4825183,-967.7880924,-68.45863112,49.145674468214715,2,15.305574099999944,170.47173529999998,0.16956934999999618,96.83653170833719,220.62294902707862,GNSS Jamming (Simulated),GNSS Jamming
41.0935429,-73.83946086,257.4544237,232.3057595,8.128,1082.04,1074.42,-68.49382608,-148.50811855999385,3,7.619999999999891,18.889927999999998,0.03855595000000278,123.04381549307463,295.31372071165947,GNSS Jamming (Simulated),Normal GNSS
41.06318199,-73.70922609,15.43332,323.1301024,0.0,121.92,1422.9190719423957,-86.13848386,44.316719344988556,0,1300.9990719423956,0.0,0.0,102.28835618167483,376.7042149077316,GNSS Jamming (Simulated),GNSS Spoofing
40.79414497,-73.79210732,74.6103438,91.18526082,-3.2512,594.36,571.5,-82.64063249,-55.392830353374194,0,22.860000000000014,0.34486869999999215,0.009132990000004781,82.85143484720969,514.2523484284161,GNSS Jamming (Simulated),Normal GNSS
40.67450011,-73.44235269,227.6702244,182.9848,36.24628873,-1665.401484,-1673.826619,-65.127651,106.26834883347645,2,8.425134999999955,174.20472055,0.0896962400000092,110.95812671480306,385.83219255297877,GNSS Jamming (Simulated),GNSS Jamming
40.88511933,-74.28448306,37.94351463,277.4711923,-6.82752,68.58,45.72,-89.92596069,215.20226010536942,1,22.86,0.0,0.0,113.24213059600086,294.229040535139,GNSS Jamming (Simulated),Normal GNSS
40.38583529,-74.13430647,188.6719425,193.2405199,-0.32512,5173.98,5288.28,-87.38808788,360.4734420008797,0,114.30000000000018,2.502910899999989,0.02177134999998742,96.03013247715249,256.0695038289357,GNSS Jamming (Simulated),Normal GNSS
40.67357012,-73.40771482,173.9547238,160.7993857,-22.33771789,-1938.527982,-1923.351973,-65.54639144,-266.01432371024407,2,15.176009000000022,39.32893389999998,0.12064343999998783,121.7132487879057,421.25360241564556,GNSS Jamming (Simulated),Normal GNSS
40.77424622,-73.61328125,79.54109474,216.0546182,0.0,1821.18,1836.42,-82.27222566,-91.1352511138534,0,15.240000000000009,0.9180126499999943,0.011736349999992512,119.74366987917873,436.8171613755576,GNSS Jamming (Simulated),Normal GNSS
40.56391546,-73.68416547,74.99245541,50.96375653,-3.57632,68.58,60.96,-79.60197166,-92.03669265782777,1,7.619999999999997,0.2633772200000095,0.0,129.4410973219248,275.01878306828394,GNSS Jamming (Simulated),Normal GNSS
41.00335026,-74.00993355,102.4777097,147.0424748,-0.32512,594.36,586.74,-85.76955595,9.77030231410967,1,7.6200000000000045,0.2720964999999893,0.01441639000000805,125.57395601501591,163.60018684076556,GNSS Jamming (Simulated),Normal GNSS
40.83976616,-73.26713562,165.5526832,307.2972044,-0.32512,3040.38,3093.72,-78.11917427,584.3738706816462,0,53.33999999999969,0.20130130000001145,0.02420081000001062,130.9361068087537,484.5444859637092,GNSS Jamming (Simulated),Weak GNSS Signal
40.7010498,-74.02441406,56.53503164,7.319019376,3.90144,601.98,594.36,-86.77154694,62.6913082861674,0,7.6200000000000045,1.3987637000000035,0.005225840000008475,102.20388741494354,210.0249708229815,GNSS Jamming (Simulated),Normal GNSS
41.06638246,-73.7030931,0.0,0.0,0.0,114.3,1422.9190719423957,-72.42670703,15.011269590393596,3,1308.6190719423957,0.0,0.0,135.52753216966966,357.98458544246284,GNSS Jamming (Simulated),Normal GNSS
40.30736923,-73.56735764,150.3866852,253.3007558,0.0,1371.6,1363.98,-66.08288023,-35.97859244995506,3,7.619999999999891,0.2924134999999808,0.020921540000003347,119.2414023250556,306.8852495581425,GNSS Jamming (Simulated),Normal GNSS
40.35988595,-73.90654228,115.2779357,264.3497737,-1.6256,1196.34,1203.96,-85.42631336,42.56334354925837,1,7.620000000000118,2.987134400000002,0.014589210000004016,110.38538145954524,332.49770546048893,GNSS Jamming (Simulated),Normal GNSS
40.68264085,-73.31299117,37.8752729,125.8162827,-11.38666252,2501.441057,2509.546799,-68.63130989,-39.95546716146362,2,8.105742000000191,190.9025447,0.21291721999999424,124.62379835168927,285.079234603039,GNSS Jamming (Simulated),GNSS Jamming
40.86781311,-74.03900146,65.2370978,228.5165475,-4.22656,53.34,76.2,-85.27857275,-363.71847853066464,0,22.86,0.0,0.0,105.29102662363628,290.16706972569943,GNSS Jamming (Simulated),Normal GNSS
40.77677536,-73.87635803,117.37718697045607,182.77641750174155,1.7649764068873306,0.0,1422.9190719423957,-85.24708968,-62.05501394131281,0,1422.9190719423957,0.0,0.0,115.99380540782454,246.37249139933215,GNSS Jamming (Simulated),GNSS Spoofing
40.6097688,-73.18290131,190.8592676,120.9771442,21.14439347,-2263.476852,-2270.603705,-67.10088162,145.3342822238664,2,7.12685300000021,189.72141889,0.10639223999999814,132.25225427340894,335.5407992697192,GNSS Jamming (Simulated),GNSS Jamming
40.49410385,-74.13817706,151.8368197,275.0538261,-2.27584,7.62,0.0,-59.08538475,-76.15548942580656,3,7.62,1.884694599999989,0.019130440000012072,143.79684004855193,227.7468875155721,GNSS Jamming (Simulated),Normal GNSS
40.57757159,-73.21577983,257.4253176,196.5866111,-15.80742505,1171.344085,1164.878688,-66.12311775,35.01767893416042,2,6.465396999999939,60.93234670000004,0.18276389999999765,145.65919874368703,383.53131658624545,GNSS Jamming (Simulated),Weak GNSS Signal
40.73313487,-73.34365588,64.32334594,45.7422531,-15.4861286,-1540.2987,-1557.877026,-66.7383619,13.93070168035652,2,17.578325999999834,33.51991912999999,0.19101540999999145,116.48373812794017,299.01634528456225,GNSS Jamming (Simulated),Normal GNSS
40.5720908,-73.52469011,79.50115778,254.6148116,-0.97536,205.74,182.88,-75.99073817,101.32041517249203,0,22.860000000000014,0.8517718899999949,0.010765810000002318,116.8347486792762,386.68362218568353,GNSS Jamming (Simulated),Normal GNSS
40.6124128,-73.40956941,89.83789055,249.9047688,-1.30048,320.04,297.18,-72.33255141,160.5226161290069,3,22.860000000000014,1.9296612899999985,0.012799909999998249,136.41592592642994,295.70192609402727,GNSS Jamming (Simulated),Normal GNSS
40.706394,-74.01102239,80.85285766,80.47774499,-0.65024,1402.08,1371.6,-86.98984236,332.7044272598962,0,30.480000000000018,59.868970739999995,0.6136399599999933,102.91367184045941,744.094785872053,GNSS Jamming (Simulated),Weak GNSS Signal
40.66558536,-73.43942077,23.71355793,200.8239807,-7.314931856,1004.589943,1003.414868,-67.0984718,193.29985041629993,2,1.1750749999999925,21.701805568,0.184517630000002,140.17526612757652,323.7498292927665,GNSS Jamming (Simulated),Normal GNSS
40.61235848,-73.78043435,66.61801512,30.12904264,-4.22656,38.1,38.1,-83.73706288,340.68525590089354,0,0.0,0.0,0.0,114.73637753247299,293.2142932091269,GNSS Jamming (Simulated),Normal GNSS
41.07480841,-73.71020924,5.296525152,330.9453959,0.0,129.54,1422.9190719423957,-83.3150389,-169.2556158110708,0,1293.3790719423957,0.0,0.0003496799999922473,88.22452927513058,283.27762421849366,GNSS Jamming (Simulated),GNSS Spoofing
40.777771,-74.11425781,102.6260982,205.5374344,-6.82752,533.4,533.4,-85.57212681,355.1212373745483,0,0.0,0.9365108000000077,0.013164519999996571,85.09446400873192,583.0283942605618,GNSS Jamming (Simulated),Weak GNSS Signal
40.77676935,-73.87636185,117.37718697045607,182.77641750174155,1.7649764068873306,0.0,1422.9190719423957,-84.72260314,-88.32000692380669,0,1422.9190719423957,0.0,0.0,139.04782474470383,212.53340528923275,GNSS Jamming (Simulated),GNSS Spoofing
40.77624247,-73.67608175,104.6485824,329.9057585,-2.92608,121.92,1422.9190719423957,-72.03252594,-219.2496909182518,3,1300.9990719423956,0.0,0.014406379999996943,84.30195211016559,249.55766599133108,GNSS Jamming (Simulated),GNSS Spoofing
40.87957764,-74.03546143,142.4424742,242.2318218,13.65504,3611.88,3657.6,-87.63655047,-71.61442385465377,0,45.7199999999998,2.0831435000000056,0.020965569999994216,99.82639762186334,332.19503677726937,GNSS Jamming (Simulated),Normal GNSS
40.61828613,-74.31396484,259.3047825,9.593134263,0.32512,10660.38,11018.52,-89.78739323,398.22612143605375,0,358.14000000000124,0.5933242000000405,0.028106690000001322,103.4224379792399,314.12778183493697,GNSS Jamming (Simulated),Normal GNSS
40.80517785,-73.97463018,67.22702543,24.40766867,-2.27584,320.04,304.8,-83.51977141,186.90650244674973,0,15.240000000000009,1.6177653099999958,0.008413259999997535,92.26042667395642,230.2106592648817,GNSS Jamming (Simulated),Normal GNSS
40.37126985,-73.99457685,210.2156926,246.9486991,0.0,6096.0,6240.78,-69.56134226,-13.66752223836994,3,144.77999999999975,0.404994199999976,0.03030548000000266,102.27273066148977,299.7855933100394,GNSS Jamming (Simulated),Normal GNSS
41.06065653,-73.67824901,42.05245377,284.8862668,-2.60096,251.46,228.6,-83.70767594,-4.24450349798186,0,22.860000000000014,2.036927730000002,0.006041160000009427,131.99330650019476,342.40722353039195,GNSS Jamming (Simulated),Normal GNSS
40.85689739,-73.42344111,191.6253836,38.13130872,7.15264,3756.66,3832.86,-74.2033,-559.1510818594799,0,76.20000000000027,3.3796459999999797,0.027545169999996233,83.01770578555868,741.6216908053929,GNSS Jamming (Simulated),Weak GNSS Signal
40.49349976,-74.22869873,158.2456837,127.2051747,11.05408,2362.2,2400.3,-87.36530649,-735.7856156731468,0,38.100000000000364,3.285279099999997,0.023010249999998678,137.95453692880258,914.4121658193012,GNSS Jamming (Simulated),Weak GNSS Signal
40.60707092,-74.19647217,51.00265377,278.7022238,-0.65024,182.88,144.78,-88.43926859,89.86334022900779,0,38.099999999999994,0.0,0.0,139.97514950657546,382.34329566992653,GNSS Jamming (Simulated),Normal GNSS
40.87843323,-74.27197266,32.60941986,263.6598083,-2.92608,91.44,45.72,-87.57096863,94.2825109992563,0,45.72,0.0,0.0,106.13792406987454,296.5505201255117,GNSS Jamming (Simulated),Normal GNSS
40.77676935,-73.87636185,117.37718697045607,182.77641750174155,1.7649764068873306,1296.6709826257418,1422.9190719423957,-85.80619326,61.41080906399641,0,126.24808931665393,0.0,0.0,90.7731435389412,199.2541807507033,GNSS Jamming (Simulated),Normal GNSS
40.80905857,-73.36881276,262.2766491,68.02114088,-1.6256,8237.22,8503.92,-78.70272335,289.0234206630454,1,266.7000000000007,0.07114830000000438,0.037687590000004434,122.35984571482284,362.2794638485004,GNSS Jamming (Simulated),Normal GNSS
40.38098145,-74.17230225,40.41906332,312.4208525,-0.32512,304.8,304.8,-87.65743291,302.9821581891111,0,0.0,1.4283553200000014,0.009597790000000828,88.46802440640023,465.1203682740436,GNSS Jamming (Simulated),Normal GNSS
40.6575534,-73.29448233,224.1231467,133.967521,21.7490957,-672.2923244,-655.161612,-68.59668985,103.96488795133928,2,17.130712399999993,154.76629016,0.1453627600000118,106.53861014884635,269.3753790530153,GNSS Jamming (Simulated),GNSS Jamming
41.05856168,-73.66763722,47.44613012,279.3601908,-1.6256,289.56,274.32,-83.69854926,-20.693542454654292,0,15.240000000000009,3.215504250000002,0.0066125399999918955,147.10585117402476,376.1661369950617,GNSS Jamming (Simulated),Normal GNSS
40.37695313,-74.1350708,201.0159896,193.4672166,-0.32512,5173.98,5318.76,-87.14059911,552.5525007742867,0,144.78000000000065,0.3795319000000177,0.021469109999991076,149.8832724901004,401.5888187698609,GNSS Jamming (Simulated),Weak GNSS Signal
40.77558227,-73.8759561,117.37718697045607,182.77641750174155,1.7649764068873306,0.0,1422.9190719423957,-82.61597954,90.76006543354835,0,1422.9190719423957,0.0,0.0,134.0950277708941,244.9376443901431,GNSS Jamming (Simulated),GNSS Spoofing
40.74608711,-74.16300955,20.50044817,107.5255684,-1.6256,7.62,-7.62,-69.5544543,-108.24497748799787,3,15.24,0.0,0.0028822000000019443,101.76730569445364,193.22334212736925,GNSS Jamming (Simulated),Normal GNSS
40.5691351,-73.31313028,173.6706317,223.4801177,5.326527557,-420.6710566,-433.1754902,-69.05790509,-225.79349453200086,2,12.504433600000027,5.860583399999996,0.13573703999998799,129.23718525569234,407.08066946154366,GNSS Jamming (Simulated),Normal GNSS
40.62467399,-73.14186163,12.91235246,98.27928581,-27.29126914,1767.41292,1774.088671,-69.77736911,132.00547169024202,2,6.675750999999991,27.627139299999996,0.2362844400000057,130.38016655133242,249.05203505185762,GNSS Jamming (Simulated),Normal GNSS
40.87882349,-74.26776539,39.37093406,263.246426,-3.2512,91.44,106.68,-89.64441393,325.10064337744586,0,15.240000000000009,0.0,0.0,107.18738993754239,422.34390154937466,GNSS Jamming (Simulated),Normal GNSS
40.77659478,-73.9380507,58.64887229,13.18296516,-1.30048,205.74,190.5,-83.62895726,3.639122619294966,0,15.240000000000009,13.025490910000002,0.006543349999994064,124.87365304280452,374.3173413858842,GNSS Jamming (Simulated),Normal GNSS
40.77394928,-73.4725215,174.7542494,337.0780551,30.1314529,-708.2011597,-725.1820951,-67.82664212,21.27484932785753,2,16.98093540000002,35.87562460000001,0.12596696999999324,82.3753324629425,223.8864561572316,GNSS Jamming (Simulated),Normal GNSS
40.9379425,-74.15533447,209.8584746,231.6692221,-5.20192,8267.7,8534.4,-88.94842484,696.1190967926939,0,266.6999999999989,1.4451526999999942,0.03177753999999311,94.7939780161922,424.88932003128815,GNSS Jamming (Simulated),Normal GNSS
40.66108704,-74.18469238,89.5265596,180.9877604,8.45312,350.52,350.52,-87.1172916,317.89725450673683,0,0.0,5.572829369999994,0.008783009999994817,117.81598154662987,179.76616719749018,GNSS Jamming (Simulated),Normal GNSS
40.73487854,-74.13464355,20.50044817,17.52556837,-2.92608,15.24,0.0,-87.78043603,16.31000262485469,0,15.24,0.0,0.0,91.52645335909835,364.64955691371415,GNSS Jamming (Simulated),Normal GNSS
40.49537659,-74.28704834,46.81723053,347.9492151,-1.30048,243.84,236.22,-87.85121755,-51.61174670246682,0,7.6200000000000045,0.0,0.0,91.66076606306605,227.00748552872795,GNSS Jamming (Simulated),Normal GNSS
40.77615738,-73.87207031,117.37718697045607,182.77641750174155,1.7649764068873306,1296.6709826257418,1422.9190719423957,-81.91855997,-70.26085785011537,0,126.24808931665393,0.0,3.815000000173541e-05,138.6813139050001,290.3909734050939,GNSS Jamming (Simulated),Normal GNSS
40.65196042,-74.44180697,94.70800867,268.1323212,1.30048,160.02,175.26,-50.20491392,95.95195846276397,3,15.23999999999998,0.0,0.011524399999998991,152.74138146493735,256.7653638290703,GNSS Jamming (Simulated),Normal GNSS
40.77624893,-73.87197876,117.37718697045607,182.77641750174155,1.7649764068873306,1296.6709826257418,1422.9190719423957,-81.69011799,-48.94310950518384,0,126.24808931665393,0.0,2.6709999993101974e-05,119.02665174989393,293.83203688636206,GNSS Jamming (Simulated),Normal GNSS
40.85984802,-73.36566162,74.00308679,260.7995995,0.0,1821.18,1836.42,-79.51403279,-208.5594484381385,0,15.240000000000009,0.0,0.009765629999996861,138.78723496539428,293.82941795276463,GNSS Jamming (Simulated),Normal GNSS
40.86598206,-73.9119873,69.55655766,36.27661936,3.57632,289.56,274.32,-82.90321819,257.9639011241664,0,15.240000000000009,2.2687422000000055,0.00918990999999636,149.47554055518472,473.980764659953,GNSS Jamming (Simulated),Weak GNSS Signal
40.65607103,-73.31064398,50.59629316,317.060111,-0.32512,518.16,464.82,-70.5393901,-261.3718462069013,0,53.339999999999975,0.26484210000000274,0.00745575999999204,90.52051440052895,438.3894855704321,GNSS Jamming (Simulated),Normal GNSS
40.66577973,-73.64201103,139.9297137,109.7893547,17.55648,1424.94,1424.94,-76.33802451,-181.53644434550455,1,0.0,1.5404529000000196,0.01988661000000036,111.95300223998969,337.443888148463,GNSS Jamming (Simulated),Normal GNSS
40.54872157,-73.82887407,70.7056445,265.4094568,0.32512,266.7,251.46,-84.51031472,-105.25454472925534,0,15.23999999999998,1.0255387700000114,0.008252449999993416,107.5498603263198,348.21533827069965,GNSS Jamming (Simulated),Normal GNSS
40.77516329,-73.87163336,63.17405834,307.0565282,-5.52704,1296.6709826257418,1422.9190719423957,-85.42186899,129.07541495025148,0,126.24808931665393,0.0,2.7239999994321806e-05,85.64217330946879,315.8161466998782,GNSS Jamming (Simulated),Normal GNSS
40.67342089,-73.1543189,84.14888066,32.47685039,34.2993589,1247.043956,1225.406986,-67.77947072,54.68541427313909,2,21.63697000000002,73.01048726,0.09297946000000934,140.70541232238557,467.0878144728463,GNSS Jamming (Simulated),GNSS Jamming
40.69654332,-74.04034271,181.2274573,30.35009589,0.0,601.98,594.36,-64.04846486,119.73219821504694,3,7.6200000000000045,3.451490100000001,0.024981809999992777,111.63971103292118,188.40079666266018,GNSS Jamming (Simulated),Normal GNSS
40.68854969,-73.31732813,33.853662,123.8147601,4.593690965,956.2894922,963.6604256,-68.36617821,148.37966622906748,2,7.370933400000013,200.0151593,0.13131010999999404,114.16457687743507,283.62670531781816,GNSS Jamming (Simulated),GNSS Jamming
40.60892743,-73.55658956,140.4441542,109.7901263,5.85216,1287.78,1272.54,-76.30355611,15.349457327741085,1,15.240000000000009,5.658844400000021,0.01912962999999479,91.34980459995795,239.3986825375183,GNSS Jamming (Simulated),Normal GNSS
41.01168358,-73.88624018,70.8458687,5.834788997,-0.97536,312.42,297.18,-84.52986111,269.7261095119833,0,15.240000000000009,1.730168919999997,0.007097110000003681,92.75273214550475,547.4891329370662,GNSS Jamming (Simulated),Weak GNSS Signal
40.66184181,-73.42238333,126.8752778,179.3259803,33.9874318,1430.788859,1457.475592,-64.50122374,224.16459713857455,2,26.686733000000004,65.73846887,0.15479074999999654,144.96574633446022,353.78461098007745,GNSS Jamming (Simulated),Normal GNSS
40.58720398,-73.50524902,63.3184229,73.47910781,-1.95072,365.76,335.28,-78.48344114,24.6730059638831,0,30.480000000000018,0.4214635100000024,0.009048460000002478,83.18982816805918,382.665642906784,GNSS Jamming (Simulated),Normal GNSS
40.74161985795684,-73.71230522988994,13.48682601,192.8959526,9.10336,3596.64,3680.46,-77.50482518959447,74.87951774716443,3,83.82000000000016,1.7728146599999999,0.0,96.29965994605944,228.3947663269684,GNSS Jamming (Simulated),Normal GNSS
40.6781559,-73.27459636,168.7238224,341.0928084,-17.24525514,-550.3193328,-518.0179827,-67.69252702,66.89318155615932,2,32.301350100000036,109.57579532,0.05453744999999799,101.22653489458969,450.23675017098805,GNSS Jamming (Simulated),GNSS Jamming
40.66212998,-73.29883011,107.9532514,318.0855244,8.456781044,-1476.119691,-1467.782028,-67.98430845,25.154479068759457,2,8.33766300000002,8.671743919999997,0.19137989000000033,115.18955332625137,394.2363240219099,GNSS Jamming (Simulated),Normal GNSS
40.40333893,-74.22394492,278.1615406,47.39842133,0.0,10058.4,10401.3,-89.3386433,616.1786986892871,0,342.89999999999964,0.0,0.04218698000000387,124.14520922125968,493.0306034993142,GNSS Jamming (Simulated),Weak GNSS Signal
40.65261841,-73.54827881,147.533355,123.9117135,9.10336,1539.24,1554.48,-73.65748124,486.13713856676964,0,15.240000000000009,2.7102875999999867,0.021362299999999834,115.30989700603538,817.9042759283918,GNSS Jamming (Simulated),Weak GNSS Signal
40.77623749,-73.87197876,117.37718697045607,182.77641750174155,1.7649764068873306,1296.6709826257418,1422.9190719423957,-85.51629488,108.71087937649943,0,126.24808931665393,0.0,0.000690470000002108,85.98228311481878,289.6854353535153,GNSS Jamming (Simulated),Normal GNSS
40.62583923,-73.23046875,57.84922208,226.0809242,-0.65024,609.6,563.88,-75.18413755,48.37176479097682,0,45.72000000000003,0.5758548200000035,0.008865359999994382,97.16636851337282,232.9833815839683,GNSS Jamming (Simulated),Normal GNSS
40.67933196,-73.34620493,75.14459686,142.5173232,-17.65917128,2514.795559,2498.3578,-66.97088929,-75.43501280038373,2,16.437758999999915,132.72573934000002,0.10254193999999472,139.53953006635084,172.32890155401645,GNSS Jamming (Simulated),GNSS Jamming
40.88459597,-73.39466442,189.6910666,38.3928667,12.35456,3947.16,4030.98,-76.23136529,-530.2773213146971,0,83.82000000000016,3.3790194999999983,0.0008559200000064493,125.93204661849232,526.7485671263153,GNSS Jamming (Simulated),Weak GNSS Signal
41.06354277,-73.71137966,117.37718697045607,182.77641750174155,1.7649764068873306,1296.6709826257418,1422.9190719423957,-86.31067921,123.21944001187279,0,126.24808931665393,0.0,0.00023862000001173556,125.49649359358455,248.67949275607918,GNSS Jamming (Simulated),Normal GNSS
40.34240205,-73.83006009,120.0628977,316.0416267,-2.92608,845.82,838.2,-85.04674854,-62.69856007252136,0,7.6200000000000045,1.0982210000000094,0.017493880000003514,126.98395612932121,595.320286422557,GNSS Jamming (Simulated),Weak GNSS Signal
40.65219355,-73.13311972,47.01489018,55.86518022,-17.75079196,1067.117681,1069.699329,-67.6726237,222.50863213679463,2,2.5816480000000865,149.48239962,0.02149336999998752,134.18808818262832,448.0396006152764,GNSS Jamming (Simulated),GNSS Jamming
41.06638246,-73.7030931,0.0,0.0,0.0,1296.6709826257418,1422.9190719423957,-71.29158833,106.52583704311512,3,126.24808931665393,0.0,0.0,84.8748617181168,313.1168435272888,GNSS Jamming (Simulated),Normal GNSS
40.68248356,-73.32124068,132.7750674,328.9274695,-14.05949825,-38.39271484,-43.07851441,-66.70445279,-214.58279852935422,2,4.68579957,92.18738209000001,0.08336674000000244,107.11029104321555,329.2133178262359,GNSS Jamming (Simulated),GNSS Jamming
40.29035665,-74.02300748,81.74643042,208.9845604,0.32512,1813.56,1836.42,-86.92902838,-176.14932855398075,0,22.860000000000127,0.699540540000001,0.011261420000010958,117.92637284732565,416.2584930942302,GNSS Jamming (Simulated),Normal GNSS
40.65299858,-74.18012446,96.74967101,178.4765352,6.17728,487.68,472.44,-86.4685475,-353.645429611736,0,15.240000000000009,5.997316670000004,0.009802989999990075,104.37030168464983,834.5641381975979,GNSS Jamming (Simulated),Weak GNSS Signal
40.77044988,-73.86088111,117.37718697045607,182.77641750174155,1.7649764068873306,0.0,1422.9190719423957,-82.2767755,-80.94302706542238,0,1422.9190719423957,0.0,0.0,139.1990533662661,190.58024113652635,GNSS Jamming (Simulated),GNSS Spoofing
40.63116559,-74.19410706,111.3970248,202.53845,5.52704,594.36,586.74,-88.66570813,-437.54233139362884,0,7.6200000000000045,5.907149699999991,0.01279551999999029,113.78811150147101,458.5049598788083,GNSS Jamming (Simulated),Normal GNSS
40.6460725,-73.28290685,237.4577346,135.9811267,-2.309109713,-1369.853886,-1384.258566,-68.96177287,-98.61253453628453,2,14.404679999999871,113.57625200000001,0.18624784999999378,135.32644393968855,221.3094140586393,GNSS Jamming (Simulated),GNSS Jamming
40.76957703,-73.88378906,117.37718697045607,182.77641750174155,1.7649764068873306,0.0,1422.9190719423957,-82.03156814,-41.430081039106184,0,1422.9190719423957,0.0,0.0,139.805860403861,173.64174729374994,GNSS Jamming (Simulated),GNSS Spoofing
40.63060696,-74.22225952,112.1499719,253.4769725,11.70432,647.7,624.84,-86.66193738,-373.5932868460343,0,22.860000000000014,0.628289499999994,0.017096299999991516,115.49659724937611,744.6656772713288,GNSS Jamming (Simulated),Weak GNSS Signal
40.71055807,-73.50655571,15.53435532,261.0565316,27.62837268,-1760.851243,-1771.087365,-69.43230263,-196.35780964988817,2,10.236122000000023,205.83378888,0.24033753000001212,145.54721989720196,349.54365809836156,GNSS Jamming (Simulated),GNSS Jamming
40.89916992,-73.49676514,250.5426787,49.07968983,0.0,8839.2,9121.14,-77.73445079,635.0494289726529,0,281.9399999999987,0.0,0.037565440000001615,121.19467892884984,372.7062626598132,GNSS Jamming (Simulated),Normal GNSS
40.47036401,-74.30670945,157.2163085,179.9047688,14.6304,2964.18,2987.04,-89.83879765,21.477355830530115,1,22.860000000000127,1.8678487999999902,0.014549949999995704,139.5554494580043,354.51734372671143,GNSS Jamming (Simulated),Normal GNSS
40.70576537,-73.24081489,165.3030341,27.92790278,15.19539853,-2282.265308,-2277.533018,-68.68192819,-113.46543304934102,2,4.732289999999921,68.63580918999999,0.05552640000001219,104.9718424464316,317.0169125552067,GNSS Jamming (Simulated),Normal GNSS
40.68379831,-73.34247413,54.46348893,15.48850144,-9.7536,4960.62,5082.54,-70.10029541,-62.71260703720898,3,121.92000000000007,12.00700535,0.0064594299999996,115.87189110086858,339.933042388935,GNSS Jamming (Simulated),Normal GNSS
41.06638246,-73.7030931,0.0,0.0,0.0,114.3,1422.9190719423957,-70.64922732,-217.29700486318768,3,1308.6190719423957,0.0,0.0,117.78138275472499,372.2288809477694,GNSS Jamming (Simulated),Normal GNSS
40.78726771,-73.89362186,96.74830328,302.8450583,0.0,-7.62,1422.9190719423957,-66.78790586,-18.671195800906055,3,1430.5390719423956,0.0,0.014405439999997327,97.38018950761152,409.2810370994088,GNSS Jamming (Simulated),GNSS Spoofing
40.86462506,-73.87718894,124.241155,332.9044475,9.7536,883.92,883.92,-85.08554356,292.0359939966675,0,0.0,7.285731300000009,0.014778479999996819,107.94889262079941,574.553050639181,GNSS Jamming (Simulated),Weak GNSS Signal
41.07591403,-73.70967865,117.37718697045607,182.77641750174155,1.7649764068873306,129.54,1422.9190719423957,-83.65059825,127.82728381796004,0,1293.3790719423957,0.0,0.0,144.25718565491292,206.45392102212392,GNSS Jamming (Simulated),Normal GNSS
40.84605072,-73.45983332,249.4416893,50.10365141,0.97536,8229.6,8481.06,-74.77860266,993.4024385047439,0,251.45999999999913,1.4493319999999983,0.03550244000000191,126.94402154545473,961.2871321856483,GNSS Jamming (Simulated),Weak GNSS Signal
41.07590103,-73.70967102,117.37718697045607,182.77641750174155,1.7649764068873306,1296.6709826257418,1422.9190719423957,-86.21888638,-98.01933774268292,0,126.24808931665393,0.0,0.0,92.48745106081597,257.66403540054654,GNSS Jamming (Simulated),Normal GNSS
41.0630307,-73.70796204,0.0,0.0,0.0,121.92,83.82,-86.31021005,-178.30829994799217,0,38.10000000000001,0.0,3.387999999659996e-05,103.78110516551037,442.2597333065763,GNSS Jamming (Simulated),Normal GNSS
40.57929462,-73.70160658,278.6867127,70.16734511,-11.05408,10043.16,10401.3,-83.17700878,19.638026443095626,1,358.1399999999994,1.4491844000000356,0.03960988999999415,94.15234588680796,314.79115689265615,GNSS Jamming (Simulated),Normal GNSS
40.77626038,-73.87194824,117.37718697045607,182.77641750174155,1.7649764068873306,7.62,1422.9190719423957,-82.38387071,-83.14955785565999,0,1415.2990719423958,0.0,0.0,81.8207256309946,277.5800518786174,GNSS Jamming (Simulated),GNSS Spoofing
40.70991712,-73.47280466,213.0281217,264.798276,-24.36741203,3090.118603,3096.637959,-67.63146175,137.3350436857781,2,6.5193560000002435,44.701648000000006,0.19999798999999996,146.1208201608744,286.1850534958811,GNSS Jamming (Simulated),Normal GNSS
40.59052548,-73.49098206,61.84036296,73.07248694,-0.65024,365.76,327.66,-78.34207373,355.79522256524655,0,38.099999999999966,1.9714333800000006,0.00891685999999936,111.46868146539936,392.9502465938668,GNSS Jamming (Simulated),Normal GNSS
40.45836405,-73.98213911,208.4177663,320.8100994,0.32512,899.16,899.16,-59.79513384,142.04975195544932,3,0.0,10.486467699999992,0.030159670000003302,104.16667940461267,329.1653145463831,GNSS Jamming (Simulated),Normal GNSS
40.7752533,-73.87162781,63.17405834,307.0565282,-5.52704,1296.6709826257418,1422.9190719423957,-84.72197547,91.40767498437452,0,126.24808931665393,0.0,0.0,121.99994258577765,317.0612331778174,GNSS Jamming (Simulated),Normal GNSS
40.72290254,-73.40154434,30.24738235,331.5526131,-3.90144,38.1,15.24,-75.20275719,55.57082779302118,1,22.86,0.0,0.0,80.79829364684588,244.0572441642904,GNSS Jamming (Simulated),Normal GNSS
41.06700897,-73.70401001,52.32429119,329.9057585,1.30048,1296.6709826257418,1422.9190719423957,-83.46060098,-345.46019717850265,0,126.24808931665393,0.0,0.0,99.6287834292428,300.35154156126214,GNSS Jamming (Simulated),Normal GNSS
40.679239,-73.19417691,189.6432932,19.20658047,18.16830882,3144.92765,3157.495788,-66.95854122,65.97743765277593,2,12.56813800000009,3.3587875000000054,0.11714457000000067,130.2116980954852,399.21847705044814,GNSS Jamming (Simulated),Normal GNSS
41.07591403,-73.70966304,117.37718697045607,182.77641750174155,1.7649764068873306,1296.6709826257418,1422.9190719423957,-83.06621924,70.48595949544924,0,126.24808931665393,0.0,0.0,124.46726387269936,194.30385380161349,GNSS Jamming (Simulated),Normal GNSS
40.54029814,-73.19093779,122.9726759,167.3885344,20.9875375,-2306.332514,-2327.323556,-66.00552976,86.60285134043919,2,20.991041999999652,111.14728889999999,0.17389850999999368,150.30831526210233,427.3227884077825,GNSS Jamming (Simulated),GNSS Jamming
40.77301718,-73.86470724,48.37415164,322.8450583,0.0,1296.6709826257418,1422.9190719423957,-85.53984479,-283.04187469785114,1,126.24808931665393,0.0,0.0,123.53994915563963,374.63483469218403,GNSS Jamming (Simulated),Normal GNSS
40.77859244,-73.36471744,277.9581399,19.3885129,-24.28895687,2640.021251,3836.979305441599,-67.82988759,-22.1188314,2,1483.5410171734816,162.0260013,2.182125656482347,1.7688266539896025,0.0,GNSS Spoofing (Simulated),GNSS Jamming
40.72431661,-74.14816423,56.84315217,205.1735245,-0.65024,-7.62,3065.067916718407,-86.10227047,69.16308951,0,4251.111242076615,0.0,2.443652852121935,0.09575581887341343,159.72886863400015,GNSS Spoofing (Simulated),GNSS Spoofing
40.61436023,-74.05883789,185.0354307,193.9976084,7.80288,3733.8,5664.9918079460795,-85.26374087,364.2086418,0,2595.046877949335,0.12376059999999711,1.5219945724046835,0.12375280598247085,126.58166841000002,GNSS Spoofing (Simulated),Normal GNSS
40.64804254,-73.40111916,221.1353448,183.6699787,-26.54495785,-949.9262131,623.7907742775275,-67.36555948,-105.1599288,2,1050.621436891443,19.41230519999999,0.9483045851024974,0.9633144197202438,140.596134947,GNSS Spoofing (Simulated),Normal GNSS
40.76342481,-73.48215824,50.25749648,312.790002,3.320441291,-1058.098179,880.3212273240695,-68.73614077,-22.1188314,2,2999.8736762426606,202.35930552000002,0.6228827354164042,1.1581797171030712,12.328989823000011,GNSS Spoofing (Simulated),GNSS Jamming
40.97753385,-73.95121988,61.53576048,339.4439548,-1.6256,91.44,1718.7277561072658,-57.51525396,66.98062253,3,2779.9600534770393,0.0,0.9670848999977046,2.001905664099034,16.48663337739997,GNSS Spoofing (Simulated),Normal GNSS
40.77663803,-73.86904907,29.82888096,302.3196165,-0.32512,-7.62,3223.1212293352855,-81.29480248,70.23115563,0,2855.1376352432817,0.0,0.7646267655730343,0.13271577707567495,76.65226623499984,GNSS Spoofing (Simulated),GNSS Spoofing
41.06623077,-73.70783997,117.37718697045607,182.77641750174155,1.7649764068873306,1296.6709826257418,2094.0751787178515,-86.31638699,8.901816464724991,0,2767.420564570718,0.0,1.856847217225728,0.07093851587485647,12.70622741558265,GNSS Spoofing (Simulated),Normal GNSS
40.74476025,-73.32544004,217.1461597,60.32174431,-23.29265824,-2639.752,-1047.4005055093182,-67.57803882,-103.0194736,2,1040.3917301170422,121.66326012,0.7539518392570606,1.2276661878624517,59.124538592000036,GNSS Spoofing (Simulated),GNSS Jamming
40.86785889,-74.03918457,64.12622359,228.2519456,-3.2512,0.0,1213.4730492910528,-84.85520324,-213.6611199,0,3051.370407043325,0.0,1.512659863241266,0.1425748506233106,176.02513059100013,GNSS Spoofing (Simulated),Normal GNSS
40.27355129,-74.08274564,232.0347752,66.61793018,0.0,8839.2,10488.895703616912,-88.10688991,731.1759634,0,2584.5464194343804,18.9506375,3.2851703012857723,4.154147175687413,167.1878019799998,GNSS Spoofing (Simulated),Weak GNSS Signal
40.33222961,-74.11401367,40.975069,321.1155036,2.92608,304.8,1763.093614223535,-87.52422139,-285.179528,0,2253.1350342293536,0.0,1.6706232184418104,0.00743985658980273,244.84866359300008,GNSS Spoofing (Simulated),Normal GNSS
40.50161071,-74.16632912,145.2746499,42.560302,-10.07872,2019.3,4012.122675058354,-86.97334222,364.8915679,0,1037.0695993650922,1.0754006000000231,0.9204247033201145,0.24817048959795363,12.869077350000225,GNSS Spoofing (Simulated),Normal GNSS
40.63899368,-73.32435027,16.56679009,290.4442391,25.81303824,1235.658767,3216.1534301474367,-66.92820821,-154.0584159,2,2777.1010185725754,60.06608490000001,2.3274356623645267,1.1880551110131627,91.5926082780001,GNSS Spoofing (Simulated),Normal GNSS
41.07705688,-73.87744141,66.36526994,359.5558556,2.27584,342.9,1260.0023682318579,-87.70211713,-277.7451067,0,879.0389070498327,0.005981460000000993,1.935734849231615,0.19287335275660103,246.10452105400012,GNSS Spoofing (Simulated),Normal GNSS
40.72518591,-73.78944002,27.65357974,162.077115,-10.72896,3566.16,5242.9902461568745,-71.88309456,3.305946112,3,1406.0217276905237,3.25350087,1.9813516978310761,0.4165912387286622,31.847604013200005,GNSS Spoofing (Simulated),Normal GNSS
40.77618027,-73.87202454,117.37718697045607,182.77641750174155,1.7649764068873306,1296.6709826257418,3047.894378845299,-81.58172725,8.901816464724991,0,1240.896214683251,0.0,0.7622490231146322,0.10410751127745574,0.0,GNSS Spoofing (Simulated),Normal GNSS
40.62160146,-73.12577269,83.58998644,120.1629835,12.76892265,-2368.291062,-1357.7507310304268,-69.15595464,-130.3729458,2,2518.088430522881,208.69902565999996,0.9043211073006805,1.9918414365523402,146.35214165200009,GNSS Spoofing (Simulated),GNSS Jamming
40.58361891,-73.3350372,241.5044244,264.2686739,4.65736308,-2253.080237,-1558.7038027036683,-68.96865935,197.5191505,2,1244.6210718683756,57.56729769999998,2.5086640420130193,1.943528509183794,132.71004265999989,GNSS Spoofing (Simulated),Normal GNSS
40.67156837,-73.26091377,158.505065,333.4808018,20.23017355,-341.9111141,202.8166990285797,-66.80012399,17.16987085,2,2820.0967269879475,13.546024799999998,1.42170638764989,1.0056481841570792,7.128426939999963,GNSS Spoofing (Simulated),Normal GNSS
40.77677536,-73.87635803,117.37718697045607,182.77641750174155,1.7649764068873306,1296.6709826257418,3088.9337632361635,-85.35912253,8.901816464724991,0,2370.0399758371323,0.0,1.1018973835618795,0.052937696168583265,307.1995330376376,GNSS Spoofing (Simulated),Weak GNSS Signal
40.77534485,-73.87153625,63.17405834,307.0565282,-5.52704,0.0,2657.4686846677546,-82.53346744,256.4031501,0,2302.477035030727,0.0,1.4771680907030666,0.09014408251142947,46.34759631899988,GNSS Spoofing (Simulated),Normal GNSS
40.41675829,-73.62262795,136.9088107,264.3978124,-2.60096,883.92,2877.4702542423893,-81.9825758,129.06124,1,827.185635083141,0.9271407999999894,1.8433598555271664,0.2925219205860005,110.0921917539,GNSS Spoofing (Simulated),Normal GNSS
41.05964402,-73.70234403,117.37718697045607,182.77641750174155,1.7649764068873306,1296.6709826257418,2620.3792562328754,-86.18110526,8.901816464724991,0,1039.8955067483316,0.0,2.4113649540939344,0.03158936031101165,127.49216936705508,GNSS Spoofing (Simulated),Normal GNSS
40.64416444,-73.37740567,113.5614171,262.9181162,16.08563721,2474.281307,4427.146607610761,-66.99834217,66.98062253,2,2147.045558825001,38.05626848,1.141420163764108,1.2650343349418167,16.486633377400004,GNSS Spoofing (Simulated),Normal GNSS
40.6340626,-74.21331865,169.7914609,206.254508,-0.65024,-7.62,2540.2830752334858,-68.80924802,-71.75122118,3,3993.7990558331094,0.0,2.372263138624065,0.25107471698748124,117.17910453900004,GNSS Spoofing (Simulated),Normal GNSS
40.7153984,-74.21983763,62.50441673,295.1944289,-0.65024,-7.62,3113.4422977823547,-88.99183734,135.7755361,1,2755.35527732265,0.0,0.5497189827725126,0.06718561823807383,136.84092254599997,GNSS Spoofing (Simulated),GNSS Spoofing
40.63206959,-73.38797451,68.34478203,219.3844433,14.08646496,1939.705876,2581.088014467748,-66.64577623,-57.22487354,2,2682.8526844307607,91.38054557000001,1.6207649346536412,0.6179121812406871,63.704986923600124,GNSS Spoofing (Simulated),GNSS Jamming
40.58759269,-73.84360574,262.0156775,48.42251391,0.32512,7010.4,8579.812565206646,-85.08697007,796.5824342,0,1162.1302683371732,2.2214574999999854,1.808018723362167,0.5044263060309265,55.0251660900002,GNSS Spoofing (Simulated),Normal GNSS
40.75548399,-73.45011286,52.29262019,321.2162335,24.26838181,2111.638254,3788.7429704785864,-65.88339078,-22.1188314,2,2588.1054420116875,191.12288761,0.7506223575015143,0.9678149660677327,0.0,GNSS Spoofing (Simulated),GNSS Jamming
40.87214666,-74.35009507,82.83027682,263.5812133,-3.90144,68.58,1940.392500829833,-68.41085981,-175.2091069,3,2856.3899463790167,0.0,0.7913255141278246,0.428470674966581,136.06311233490004,GNSS Spoofing (Simulated),Normal GNSS
40.63992124,-73.5722096,110.6473254,329.8586144,-2.92608,411.48,2130.1146359261475,-67.80811695,124.1562073,3,2513.8784780296373,4.069227999999995,1.3534525486325966,0.1912883743415913,118.07616079499996,GNSS Spoofing (Simulated),Normal GNSS
40.74774947,-73.34596475,31.52158448,48.61302186,-21.95919654,-554.0890472,14.942486101761347,-65.0970151,-22.1188314,2,2349.441167253002,139.12354392,2.5232206242863646,2.189044410477789,0.0,GNSS Spoofing (Simulated),GNSS Jamming
40.56795534,-73.22697807,35.02795155,196.8929447,29.36636804,-2353.943352,-1283.0249440398989,-67.32043936,-89.58187985,2,2655.4213770418423,117.20575505000001,2.8875816764687414,8.90457496644318,31.246902349692405,GNSS Spoofing (Simulated),GNSS Jamming
40.38702393,-74.14648438,203.1141922,192.1352989,9.42848,4777.74,5472.707708470777,-87.39409759,768.006407,0,1010.2528590035462,1.1138397999999938,2.388244213200428,0.2224271255839681,188.62306148999994,GNSS Spoofing (Simulated),Normal GNSS
41.06638246,-73.7030931,0.0,0.0,0.0,1296.6709826257418,2086.8425086142324,-69.00404355,-130.3729458,3,1370.1687328985759,0.0,2.1087218312259415,9.17648047347857,128.16561671400007,GNSS Spoofing (Simulated),Weak GNSS Signal
41.08840167,-73.7349909,98.86029001,285.6996685,10.07872,563.88,2069.218443001226,-87.21873353,-221.3751886,0,1082.452094472415,4.690335689999998,1.449729863110582,0.16611430864033022,211.01420662783514,GNSS Spoofing (Simulated),Normal GNSS
40.35767119,-73.84922374,117.5422924,316.5960639,-4.22656,777.24,2339.507294467547,-84.86089461,70.42049193,0,1917.5881784245703,1.7931926000000118,2.0862761785043737,0.11831235580851704,99.84372684700006,GNSS Spoofing (Simulated),Normal GNSS
40.62301894,-73.35614985,59.32188474,46.75698831,-0.65024,1059.18,2681.6610241274393,-69.95562794,-97.7450664,0,2477.513882323458,3.2592891600000016,0.5446996479539736,0.5552941830786526,121.14984033000007,GNSS Spoofing (Simulated),Normal GNSS
40.58948328,-74.12474195,81.8758273,230.5933148,1.6256,365.76,2148.704822083494,-88.15205847,95.89858842,1,2201.2660580680767,2.1188736499999976,0.7306253135314631,0.1293607180169662,154.51950640209992,GNSS Spoofing (Simulated),Normal GNSS
40.64751603,-73.23600087,183.3575242,354.4131131,28.75567778,3091.598462,4715.455923714764,-64.81621155,171.8392041,2,2687.198678476257,61.31427529999999,2.2391816497654764,1.667730232723154,131.96424537399997,GNSS Spoofing (Simulated),Normal GNSS
40.7153984,-74.21983763,62.50441673,295.1944289,-0.65024,-7.62,3124.2264601023435,-88.57887355,-12.27498722,1,2572.0076553127956,0.0,2.0936341766503235,0.06664113902013276,50.97729553199997,GNSS Spoofing (Simulated),Normal GNSS
40.72431661,-74.14816423,56.84315217,205.1735245,-0.65024,-7.62,1996.3646366773146,-85.64343072,338.17998,0,3846.705474199751,0.0,0.9652814839328674,0.045555535844023075,90.87149488429989,GNSS Spoofing (Simulated),Normal GNSS
40.76969341,-73.88251045,117.37718697045607,182.77641750174155,1.7649764068873306,1296.6709826257418,2274.7217976043435,-82.54637979,8.901816464724991,0,1350.9393692282429,0.0,1.562379761198109,0.06815053004895759,0.0,GNSS Spoofing (Simulated),Normal GNSS
40.77521896,-73.86608887,48.37415164,302.8450583,0.0,1296.6709826257418,2855.765732005264,-85.23724952,4.084959745,0,1521.9173422158146,0.0,1.7120316414000218,0.1035424224204346,86.51260624649998,GNSS Spoofing (Simulated),Normal GNSS
40.66080462,-73.44673216,18.30466802,204.1082124,-8.941917098,1177.727938,2939.1128669372347,-67.96211464,-22.1188314,2,2387.593362018869,67.14824766000001,2.30127895755202,0.6431460755696881,0.0,GNSS Spoofing (Simulated),Normal GNSS
40.6067641,-73.3086677,248.921127,283.6510312,21.94963767,3138.779061,3659.354258409489,-69.89965258,135.7755361,2,2970.2755367771,17.087082299999963,1.958918734677452,1.535075431605987,136.84092254599992,GNSS Spoofing (Simulated),Normal GNSS
41.06613806,-73.70299946,117.37718697045607,182.77641750174155,1.7649764068873306,1296.6709826257418,2694.86308511692,-85.90384616,8.901816464724991,0,2271.644022466207,0.0,1.3251431385473607,0.043641243922778905,0.0,GNSS Spoofing (Simulated),Normal GNSS
40.77304459,-73.86555481,117.37718697045607,182.77641750174155,1.7649764068873306,1296.6709826257418,2938.8501709889915,-83.88824667,8.901816464724991,0,1046.148782297504,64.14031060045608,1.7704589968143611,1.7213169790477898,222.51283155825243,GNSS Spoofing (Simulated),Normal GNSS
40.62954518,-73.16434173,66.35222376,54.38205069,35.11337779,-1655.235628,-1141.0759693070802,-66.1734811,147.2368815,2,2186.131008840572,224.11904174,1.5243812727470163,1.3942308235875205,109.91176102310001,GNSS Spoofing (Simulated),GNSS Jamming
40.6750768,-73.56168281,143.8540338,62.24612308,18.20672,2209.8,3319.453336330082,-73.8559898,30.34331679,1,900.7912134763675,0.15462049999999294,1.8245615311599601,0.8397263679250517,145.21400216799995,GNSS Spoofing (Simulated),Normal GNSS
41.06638246,-73.7030931,0.0,0.0,0.0,114.3,3266.371394017941,-69.75267592,88.43216276,3,4053.7396369493936,0.0,2.2349812635046495,0.46407438056706973,77.81533860719993,GNSS Spoofing (Simulated),Normal GNSS
41.03884478,-73.93439596,89.82021346,9.89392067,0.32512,213.36,1697.919213283788,-69.5544543,-22.1188314,3,2383.932227221366,0.3306131800000003,1.417613444152592,0.0,0.0,GNSS Spoofing (Simulated),Normal GNSS
40.58190414,-73.11690952,129.4386265,106.0851991,-21.40313403,-1869.022109,-1010.0633789591039,-70.08567884,158.500237,2,1183.3524471295073,21.30068750000001,1.032725175902717,0.9513953200321122,89.42043872309992,GNSS Spoofing (Simulated),Normal GNSS
40.31850148,-73.51627877,147.4795297,255.8668095,-0.32512,1371.6,3143.151694447869,-64.59842374,-18.75533557,3,1009.4062128132357,0.06817540000000122,0.9934782559951569,1.1188574203432116,61.26544027200007,GNSS Spoofing (Simulated),Normal GNSS
40.29268426,-73.85128368,130.3077614,338.702646,-1.6256,891.54,1928.8271351142714,-85.5752124,-194.5004725,0,1219.0131035367017,0.8701341999999954,2.0099283904868974,0.08700317696511538,254.43247132400012,GNSS Spoofing (Simulated),Normal GNSS
40.53627621,-73.21711185,91.15062348,190.3052942,-10.80289875,-1432.839435,356.7482817160892,-66.65329048,135.7755361,2,2965.630505019224,72.39609365,2.1493004168478107,1.1184808833101016,136.8409225459999,GNSS Spoofing (Simulated),GNSS Jamming
40.73487048,-73.98110782,142.150475,247.8905517,0.0,609.6,1542.7754766783582,-70.1303895,-160.9012423,3,1824.0734134086777,1.7357504000000006,0.7310451597082619,0.16425727479376226,147.85505999000003,GNSS Spoofing (Simulated),Normal GNSS
41.07069397,-73.7063446,117.37718697045607,182.77641750174155,1.7649764068873306,1296.6709826257418,2808.399448267119,-86.75774763,8.901816464724991,0,2651.2261756677517,0.0,0.6331286839103474,0.08933097022957903,0.0,GNSS Spoofing (Simulated),Normal GNSS
40.63088627,-74.19597973,113.5570313,203.7780046,6.82752,586.74,1674.5301016217509,-88.22683452,-44.20190716,0,2207.718352637109,4.531308700000011,1.7007533875129126,0.023670517418443567,171.71723594400004,GNSS Spoofing (Simulated),Normal GNSS
41.06355441,-73.7157024,117.37718697045607,182.77641750174155,1.7649764068873306,1296.6709826257418,2335.156648074996,-83.53024365,8.901816464724991,0,2185.5570192256564,0.0,0.7923757983853987,0.00010796062457502144,0.0,GNSS Spoofing (Simulated),Normal GNSS
40.89463806,-74.1762085,137.5654422,126.4842176,-0.65024,1203.96,3041.4163432578034,-86.85048549,-314.6146591,0,1126.9065602631092,2.1286029999999982,2.1696836009126814,0.26558673649887393,138.51526958600007,GNSS Spoofing (Simulated),Normal GNSS
40.77365112,-73.86573792,117.37718697045607,182.77641750174155,1.7649764068873306,0.0,2204.309594851633,-82.3257246,8.901816464724991,0,4304.172869770205,0.0,1.1206693478481489,0.0818371902001081,0.0,GNSS Spoofing (Simulated),GNSS Spoofing
41.06700897,-73.70401001,52.32429119,329.9057585,1.30048,1296.6709826257418,2050.13645879604,-83.74723791,-96.19765019,0,1589.2018808490334,0.0,0.7877438659422853,0.11543389920513332,9.570691393499857,GNSS Spoofing (Simulated),Normal GNSS
40.97665384,-74.06868455,51.7368021,248.2245226,-2.92608,53.34,1043.3704078184905,-85.73480045,-25.93236852,1,2094.497874776593,0.0,2.3419409449749002,0.07528302745218443,43.12134645420006,GNSS Spoofing (Simulated),Normal GNSS
40.70539565,-73.52926955,20.41258704,237.3002844,-9.401476705,929.6273212,2505.9121575623512,-68.57656831,167.5563142,2,2339.6809631959454,63.14710673,0.9202141554705547,2.1257472924738443,118.2136526038,GNSS Spoofing (Simulated),Normal GNSS
40.68040889,-73.16924576,67.55524192,37.53701675,21.61239729,-978.3650841,742.5682879644226,-67.85965331,-19.56434059,2,2238.09890463968,64.878165829,1.1193901346758783,0.9774018902641953,26.517956863999995,GNSS Spoofing (Simulated),Normal GNSS
40.74423282,-73.32382243,63.94463525,61.30181054,10.53017181,-2881.941831,-878.6662278998526,-67.7903693,-22.1188314,2,2874.4682493301407,122.80629955,0.9144134003841025,1.3796523279713793,0.0,GNSS Spoofing (Simulated),GNSS Jamming
40.72819003,-74.02932402,134.8196668,271.3118878,-1.30048,594.36,1523.6630855167473,-69.1697127,117.309828,3,1141.8057778241275,3.2201438000000167,0.7472883673307178,0.4821138621557672,125.40855037099996,GNSS Spoofing (Simulated),Normal GNSS
41.07591248,-73.70967102,117.37718697045607,182.77641750174155,1.7649764068873306,1296.6709826257418,2534.831998639319,-83.84286687,8.901816464724991,0,2044.6241138999264,0.0,0.5422960326728801,0.1541211617187332,0.0,GNSS Spoofing (Simulated),Normal GNSS
41.07590239,-73.70967865,117.37718697045607,182.77641750174155,1.7649764068873306,1296.6709826257418,2128.1509889868353,-86.72060005,8.901816464724991,0,1815.1237489463392,0.0,0.6107908183285202,0.03448676145147954,0.0,GNSS Spoofing (Simulated),Normal GNSS
40.8570836,-74.01770158,193.9290124,122.762623,-6.5024,5775.96,7290.667894434549,-87.26823643,-261.2571092,0,1995.5712048617595,0.0,0.8772428518717124,0.41896777953061376,331.261667945,GNSS Spoofing (Simulated),Weak GNSS Signal
40.64218578,-73.41485984,105.802853,177.9441841,5.607884834,-2103.452503,-110.86034510562399,-67.27279094,74.39086628,2,1066.056455635038,84.07420556,0.7474168152543612,1.3435377443968748,34.269712121999866,GNSS Spoofing (Simulated),GNSS Jamming
40.57513339,-73.15042423,165.3196707,105.5805572,13.41923042,3063.675797,4621.794878180988,-68.20337752,197.5191505,2,1101.805707720084,65.11752059999999,1.8193147122219453,1.601279088452907,132.7100426599999,GNSS Spoofing (Simulated),Normal GNSS
40.84884385,-74.10209656,115.2561238,163.6681884,0.0,899.16,2299.599260620058,-85.64416943,157.084625,0,1419.3862007187663,1.3866086000000024,1.8754849835990106,0.04990826040930208,134.6682631279999,GNSS Spoofing (Simulated),Normal GNSS
40.52237301,-74.26458185,147.5593635,162.1335684,10.40384,1706.88,2810.673639382691,-87.84893564,363.4240267,0,1485.5901282738287,2.307487100000003,1.3032998236640554,0.10113670543248637,447.0991836409999,GNSS Spoofing (Simulated),Weak GNSS Signal
40.81704614,-73.70732148,104.6485824,329.9057585,-2.92608,121.92,3295.867212370728,-72.715,158.9050136,3,3042.386142041366,0.0,1.150392413904108,0.20330235759874762,126.32548303999995,GNSS Spoofing (Simulated),Normal GNSS
40.71739197,-73.39685059,37.13273755,312.7542574,-1.6256,76.2,1298.714894195524,-74.32693006,161.2457025,0,2167.0326034805826,0.6906342500000022,1.5144994240444598,0.043744790509842105,150.66432275019991,GNSS Spoofing (Simulated),Normal GNSS
40.90354041,-74.03582315,97.77413906,232.1012489,-3.57632,548.64,1250.1903699695922,-84.77862614,184.1614573,1,2196.1840583201783,0.2724103999999983,2.265661724469214,0.16385002013158,154.74047051199994,GNSS Spoofing (Simulated),Normal GNSS
40.59562683,-73.80560303,71.9927572,30.96375653,-3.57632,190.5,1215.7076947987002,-81.51774596,-80.08978963,0,1728.8439724882546,2.0264818899999995,2.21285691364441,0.19978803463790334,13.66211335599985,GNSS Spoofing (Simulated),Normal GNSS
40.71988546,-73.37917629,101.5823533,113.1560324,33.2926955,-1655.569676,-1034.6323257283498,-66.07346595,158.9050136,2,1719.5101877431337,85.7689102,0.7093840540255765,1.6972189220467608,126.32548303999997,GNSS Spoofing (Simulated),GNSS Jamming
40.64021748,-73.23419497,288.4918911,116.5430202,9.882082532,-952.4825183,-164.81953586682766,-68.45863112,-14.99285817,2,1294.0883328333161,170.47173529999998,1.0325661691930443,1.6025348395498529,43.39818758760002,GNSS Spoofing (Simulated),GNSS Jamming
41.0935429,-73.83946086,257.4544237,232.3057595,8.128,1082.04,1600.9231714998684,-68.49382608,-97.27130389,3,2101.893746499818,18.889927999999998,1.0120456922087948,1.8623781044440566,109.80199004600007,GNSS Spoofing (Simulated),Normal GNSS
41.06318199,-73.70922609,15.43332,323.1301024,0.0,121.92,2602.838946692641,-86.13848386,126.0463135,0,2798.4890768403193,0.0,0.9987751516644237,0.09549238946818134,189.29607853289988,GNSS Spoofing (Simulated),GNSS Spoofing
40.79414497,-73.79210732,74.6103438,91.18526082,-3.2512,594.36,2023.3103974276958,-82.64063249,-149.8106489,0,902.1916354102001,0.34486869999999215,1.6515982934855502,0.3272464477942244,278.5674506670001,GNSS Spoofing (Simulated),Weak GNSS Signal
40.67450011,-73.44235269,227.6702244,182.9848,36.24628873,-1665.401484,-658.8879254316383,-65.127651,180.2988212,2,1728.9052321450927,174.20472055,1.4222210914063937,1.6701236238228385,173.39282869749997,GNSS Spoofing (Simulated),GNSS Jamming
40.88511933,-74.28448306,37.94351463,277.4711923,-6.82752,68.58,1176.2926572579156,-89.92596069,135.7755361,1,1865.9518851983746,0.0,0.598508239855188,0.05284333968893997,136.84092254599994,GNSS Spoofing (Simulated),Normal GNSS
40.38583529,-74.13430647,188.6719425,193.2405199,-0.32512,5173.98,7227.093909266863,-87.38808788,477.6180911,0,1410.6043100492643,2.502910899999989,1.2689996269191306,0.23863170285771904,50.02738305999998,GNSS Spoofing (Simulated),Normal GNSS
40.67357012,-73.40771482,173.9547238,160.7993857,-22.33771789,-1938.527982,-295.40729063762683,-65.54639144,-163.3769052,2,2074.583461868654,39.32893389999998,1.6681493374352623,1.641193469357606,192.690660108,GNSS Spoofing (Simulated),Normal GNSS
40.77424622,-73.61328125,79.54109474,216.0546182,0.0,1821.18,3147.704955417427,-82.27222566,-178.9952157,0,2059.938180950226,0.9180126499999943,0.7150801558074245,0.13963684894426176,271.56637594000017,GNSS Spoofing (Simulated),Normal GNSS
40.56391546,-73.68416547,74.99245541,50.96375653,-3.57632,68.58,987.7713126677379,-79.60197166,-22.1188314,1,2352.024798442817,0.2633772200000095,2.1669171075771194,0.30094464419879224,0.0,GNSS Spoofing (Simulated),Normal GNSS
41.00335026,-74.00993355,102.4777097,147.0424748,-0.32512,594.36,2432.235198159493,-85.76955595,-103.0194736,1,2233.1066608426618,0.2720964999999893,0.6183401229302166,0.21756226093120384,5.805906870999948,GNSS Spoofing (Simulated),Normal GNSS
40.83976616,-73.26713562,165.5526832,307.2972044,-0.32512,3040.38,3946.365675320989,-78.11917427,517.9170725,0,2288.692724346269,0.20130130000001145,2.373884548036135,5.2657928522815,195.81820561099988,GNSS Spoofing (Simulated),Weak GNSS Signal
40.7010498,-74.02441406,56.53503164,7.319019376,3.90144,601.98,1582.3740957750156,-86.77154694,-10.08268285,0,1503.2911340128949,1.3987637000000035,0.7034521231597595,0.06889678726052058,45.15799958600015,GNSS Spoofing (Simulated),Normal GNSS
41.06638246,-73.7030931,0.0,0.0,0.0,114.3,3286.5162935768185,-72.42670703,128.6458066,3,3840.969960311494,0.0,2.1871499031955057,0.40727663065288566,81.44834270279992,GNSS Spoofing (Simulated),Normal GNSS
40.30736923,-73.56735764,150.3866852,253.3007558,0.0,1371.6,2658.2930829276083,-66.08288023,51.08935142,3,2015.7376439192947,0.2924134999999808,2.3262278278552375,0.8012954730780445,21.48727796899993,GNSS Spoofing (Simulated),Normal GNSS
40.35988595,-73.90654228,115.2779357,264.3497737,-1.6256,1196.34,2817.436924126965,-85.42631336,-59.39891291,1,1756.7400293957583,2.987134400000002,2.4737305711731894,0.1861077969529405,35.562103372500005,GNSS Spoofing (Simulated),Normal GNSS
40.68264085,-73.31299117,37.8752729,125.8162827,-11.38666252,2501.441057,3895.6639902456495,-68.63130989,51.39666843,2,2185.333200070326,190.9025447,2.3169689805471814,0.8029246858152799,14.775352561999988,GNSS Spoofing (Simulated),GNSS Jamming
40.86781311,-74.03900146,65.2370978,228.5165475,-4.22656,53.34,1556.358813514243,-85.27857275,-267.9777339,0,1616.3061357905592,0.0,2.058955081542658,0.04501321211848444,23.245438610000065,GNSS Spoofing (Simulated),Normal GNSS
40.77677536,-73.87635803,117.37718697045607,182.77641750174155,1.7649764068873306,0.0,2371.994009214634,-85.24708968,8.901816464724991,0,3350.9454100772637,0.0,1.7849665519910953,0.1020582853514679,0.0,GNSS Spoofing (Simulated),Normal GNSS
40.6097688,-73.18290131,190.8592676,120.9771442,21.14439347,-2263.476852,-1408.5456125600056,-67.10088162,78.43823791,2,2427.879367660885,189.72141889,2.164384949156256,0.6828560796535076,68.69134608299984,GNSS Spoofing (Simulated),GNSS Jamming
40.49410385,-74.13817706,151.8368197,275.0538261,-2.27584,7.62,983.7385207529978,-59.08538475,-3.581025124,3,2757.7063507921566,1.884694599999989,0.7882348568263062,1.748637977892375,57.56405625360002,GNSS Spoofing (Simulated),Normal GNSS
40.57757159,-73.21577983,257.4253176,196.5866111,-15.80742505,1171.344085,1898.0410341251336,-66.12311775,95.89858842,2,2832.7912310494216,60.93234670000004,1.7548999718952722,1.1851949330235958,153.12111119409985,GNSS Spoofing (Simulated),Normal GNSS
40.73313487,-73.34365588,64.32334594,45.7422531,-15.4861286,-1540.2987,253.59452193621132,-66.7383619,-97.27130389,2,1925.570761402818,33.51991912999999,1.7194611503808204,1.2294333651232223,71.88291475600008,GNSS Spoofing (Simulated),Normal GNSS
40.5720908,-73.52469011,79.50115778,254.6148116,-0.97536,205.74,1107.7503998751713,-75.99073817,171.1477005,0,1967.465252429252,0.8517718899999949,2.2259100982451177,0.4154906474363726,108.04780056729992,GNSS Spoofing (Simulated),Normal GNSS
40.6124128,-73.40956941,89.83789055,249.9047688,-1.30048,320.04,1639.414091621577,-72.33255141,71.21835852,3,2582.5749036804405,1.9296612899999985,1.43839864118703,0.42499717296137396,76.28202125499993,GNSS Spoofing (Simulated),Normal GNSS
40.706394,-74.01102239,80.85285766,80.47774499,-0.65024,1402.08,3059.561637712061,-86.98984236,227.2662175,0,1522.2715218372427,59.868970739999995,1.8838189522007003,0.9021234183653363,536.331361457,GNSS Spoofing (Simulated),Weak GNSS Signal
40.66558536,-73.43942077,23.71355793,200.8239807,-7.314931856,1004.589943,2679.1510320635703,-67.0984718,88.43216276,2,2643.416272159151,21.701805568,1.9636441724742222,1.5585007634217258,77.81533860719999,GNSS Spoofing (Simulated),Normal GNSS
40.61235848,-73.78043435,66.61801512,30.12904264,-4.22656,38.1,1195.6793878762892,-83.73706288,259.9982178,0,1887.1116223383315,0.0,1.0329266350016921,0.14646227625335204,103.24479558399997,GNSS Spoofing (Simulated),Normal GNSS
41.07480841,-73.71020924,5.296525152,330.9453959,0.0,129.54,2637.3050348224842,-83.3150389,-85.91760421,0,2348.263865479986,0.0,0.779886501907906,0.11455857166178478,112.3123625754001,GNSS Spoofing (Simulated),Normal GNSS
40.777771,-74.11425781,102.6260982,205.5374344,-6.82752,533.4,2525.452623402537,-85.57212681,474.7503598,0,958.5301235604761,0.9365108000000077,1.4689190680474882,0.05032371362585633,361.34680315699995,GNSS Spoofing (Simulated),Weak GNSS Signal
40.77676935,-73.87636185,117.37718697045607,182.77641750174155,1.7649764068873306,0.0,2934.815287410932,-84.72260314,8.901816464724991,0,4075.3041362292142,0.0,1.33377873718977,0.10829997194142794,0.0,GNSS Spoofing (Simulated),Normal GNSS
40.77624247,-73.67608175,104.6485824,329.9057585,-2.92608,121.92,3144.8767366192196,-72.03252594,-112.2249999,3,2223.248489137527,0.0,0.9795462610577443,0.41219792668412303,64.67217491200003,GNSS Spoofing (Simulated),Normal GNSS
40.87957764,-74.03546143,142.4424742,242.2318218,13.65504,3611.88,5511.430953828848,-87.63655047,-184.7932017,0,1463.0651594940427,2.0831435000000056,1.2559891902302502,0.18359709250743003,127.06826526000012,GNSS Spoofing (Simulated),Normal GNSS
40.61828613,-74.31396484,259.3047825,9.593134263,0.32512,10660.38,12699.90475434401,-89.78739323,293.0948329,0,1893.226089103402,0.5933242000000405,1.2608915896524961,0.03333514413170177,109.16891436099985,GNSS Spoofing (Simulated),Normal GNSS
40.80517785,-73.97463018,67.22702543,24.40766867,-2.27584,320.04,1082.5690174303513,-83.51977141,123.9439483,0,1195.8277794215064,1.6177653099999958,1.1634043888250885,0.15081551054484382,31.08632460299988,GNSS Spoofing (Simulated),Normal GNSS
40.37126985,-73.99457685,210.2156926,246.9486991,0.0,6096.0,7584.036100606358,-69.56134226,-103.0194736,3,1635.345413564376,0.404994199999976,1.2892336394538606,0.3001947753505272,92.86598135100004,GNSS Spoofing (Simulated),Normal GNSS
41.06065653,-73.67824901,42.05245377,284.8862668,-2.60096,251.46,881.4412359718174,-83.70767594,-61.37709451,0,2456.783646795189,2.036927730000002,1.8775278509119002,0.0048268294387827275,89.54572171200013,GNSS Spoofing (Simulated),Normal GNSS
40.85689739,-73.42344111,191.6253836,38.13130872,7.15264,3756.66,5312.243189845998,-74.2033,-463.446533,0,908.5022558321559,3.3796459999999797,1.1212981191425668,1.9899067363537237,547.0902196197001,GNSS Spoofing (Simulated),Weak GNSS Signal
40.49349976,-74.22869873,158.2456837,127.2051747,11.05408,2362.2,4333.324142281716,-87.36530649,-618.9111557,0,2657.8815339455105,3.285279099999997,2.4207261034306793,0.052397212354512175,622.0834768120002,GNSS Spoofing (Simulated),Weak GNSS Signal
40.60707092,-74.19647217,51.00265377,278.7022238,-0.65024,182.88,1413.8780964501668,-88.43926859,3.972095728,0,2722.505651864028,0.0,2.332696039076356,0.01678785635638709,94.89109273919983,GNSS Spoofing (Simulated),GNSS Spoofing
40.87843323,-74.27197266,32.60941986,263.6598083,-2.92608,91.44,1195.178739301651,-87.57096863,174.5905855,0,1664.695461021406,0.0,1.4618208566001571,0.07961394646617168,74.41395588049991,GNSS Spoofing (Simulated),Normal GNSS
40.77676935,-73.87636185,117.37718697045607,182.77641750174155,1.7649764068873306,1296.6709826257418,1976.6831990696405,-85.80619326,8.901816464724991,0,1264.1964672500505,0.0,1.1567224100093776,0.02024060469677149,0.0,GNSS Spoofing (Simulated),Normal GNSS
40.80905857,-73.36881276,262.2766491,68.02114088,-1.6256,8237.22,10443.58178349383,-78.70272335,171.8392041,1,2388.548897479179,0.07114830000000438,1.6085571696600107,0.30101715866718515,131.96424537399997,GNSS Spoofing (Simulated),Normal GNSS
40.38098145,-74.17230225,40.41906332,312.4208525,-0.32512,304.8,959.3040261952381,-87.65743291,245.7719703,0,1063.2796229027676,1.4283553200000014,2.20671876754725,0.09094549585762024,187.8362949579999,GNSS Spoofing (Simulated),Normal GNSS
40.6575534,-73.29448233,224.1231467,133.967521,21.7490957,-672.2923244,-93.54297204272962,-68.59668985,51.08935142,2,1619.9533067721554,154.76629016,1.9505374411202159,0.9942548733686695,21.487277968999976,GNSS Spoofing (Simulated),GNSS Jamming
41.05856168,-73.66763722,47.44613012,279.3601908,-1.6256,289.56,1143.4199172574076,-83.69854926,-87.91820526,0,2923.7841979821396,3.215504250000002,2.1153961958941467,0.015808510956690315,105.50736280300012,GNSS Spoofing (Simulated),Normal GNSS
40.37695313,-74.1350708,201.0159896,193.4672166,-0.32512,5173.98,5917.0556508775735,-87.14059911,497.9653704,0,3134.8018396840025,0.3795319000000177,1.5869136621314714,0.2007594092457831,171.68047735999988,GNSS Spoofing (Simulated),Normal GNSS
40.77558227,-73.8759561,117.37718697045607,182.77641750174155,1.7649764068873306,0.0,2605.595835560039,-82.61597954,8.901816464724991,0,3921.549832922484,0.0,1.7658352585352415,0.04768537607309366,0.0,GNSS Spoofing (Simulated),Normal GNSS
40.74608711,-74.16300955,20.50044817,107.5255684,-1.6256,7.62,1266.5117018856686,-69.5544543,-22.1188314,3,1499.3553218256857,0.0,1.0791934283649254,0.0,0.0,GNSS Spoofing (Simulated),Normal GNSS
40.5691351,-73.31313028,173.6706317,223.4801177,5.326527557,-420.6710566,535.6794333428759,-69.05790509,-153.9135981,2,2325.3675417654035,5.860583399999996,2.1055233646205695,1.1006318140658917,146.84669511500005,GNSS Spoofing (Simulated),Normal GNSS
40.62467399,-73.14186163,12.91235246,98.27928581,-27.29126914,1767.41292,2350.529394862329,-69.77736911,78.43823791,2,2358.5697550648274,27.627139299999996,1.1410936262514424,1.0017209674515444,68.69134608299989,GNSS Spoofing (Simulated),Normal GNSS
40.87882349,-74.26776539,39.37093406,263.246426,-3.2512,91.44,774.08055237384,-89.64441393,267.2886176,0,1668.4917293600295,0.0,1.8895962576369965,0.03847127608691042,168.12418222659994,GNSS Spoofing (Simulated),Normal GNSS
40.77659478,-73.9380507,58.64887229,13.18296516,-1.30048,205.74,1267.2565669848923,-83.62895726,-73.27618384,0,2225.194996089551,13.025490910000002,2.227981486651782,0.01144862177336461,95.2094811370001,GNSS Spoofing (Simulated),Normal GNSS
40.77394928,-73.4725215,174.7542494,337.0780551,30.1314529,-708.2011597,-134.38941886019575,-67.82664212,-32.96214223,2,840.5817543464877,35.87562460000001,0.8901726446030811,1.6243973146451591,54.071030562,GNSS Spoofing (Simulated),Normal GNSS
40.9379425,-74.15533447,209.8584746,231.6692221,-5.20192,8267.7,10081.68458841487,-88.94842484,597.245816,0,1526.62684892493,1.4451526999999942,1.7605370210838327,0.1599419140352963,182.73235895000016,GNSS Spoofing (Simulated),Normal GNSS
40.66108704,-74.18469238,89.5265596,180.9877604,8.45312,350.52,1161.050812287218,-87.1172916,253.4058166,0,1955.1942665279746,5.572829369999994,0.698974506459864,1.0598003389215864,15.501804962999984,GNSS Spoofing (Simulated),Normal GNSS
40.73487854,-74.13464355,20.50044817,17.52556837,-2.92608,15.24,953.1073531754578,-87.78043603,-54.83500719,0,1175.492869368251,0.0,1.9514312565428538,0.06386206101764917,105.79221267300011,GNSS Spoofing (Simulated),Normal GNSS
40.49537659,-74.28704834,46.81723053,347.9492151,-1.30048,243.84,1327.4086657671462,-87.85121755,25.9770577,0,1172.6151093283738,0.0,0.6689864376470405,0.04728531170869653,64.33350270519992,GNSS Spoofing (Simulated),Normal GNSS
40.77615738,-73.87207031,117.37718697045607,182.77641750174155,1.7649764068873306,1296.6709826257418,2547.8335215461175,-81.91855997,8.901816464724991,0,2766.1175285271775,0.0,2.371917795401254,0.14001356648345528,0.0,GNSS Spoofing (Simulated),Normal GNSS
40.65196042,-74.44180697,94.70800867,268.1323212,1.30048,160.02,677.7510615122007,-50.20491392,146.068208,3,2991.332605903932,0.0,0.7863402600756033,3.502071277084969,86.15417432339997,GNSS Spoofing (Simulated),Normal GNSS
40.77624893,-73.87197876,117.37718697045607,182.77641750174155,1.7649764068873306,1296.6709826257418,2091.024628440442,-81.69011799,8.901816464724991,0,2149.3808309792403,0.0,2.417787201818154,0.10879178790254707,0.0,GNSS Spoofing (Simulated),Normal GNSS
40.85984802,-73.36566162,74.00308679,260.7995995,0.0,1821.18,3630.566845611317,-79.51403279,-318.9529679,0,2661.1934079397697,0.0,2.11153398217019,0.052353803674327105,23.696791540000163,GNSS Spoofing (Simulated),Normal GNSS
40.86598206,-73.9119873,69.55655766,36.27661936,3.57632,289.56,776.1695937678621,-82.90321819,308.0502155,0,2993.9476615178,2.2687422000000055,1.6965539189327046,0.1530240523456531,234.92846398999987,GNSS Spoofing (Simulated),Normal GNSS
40.65607103,-73.31064398,50.59629316,317.060111,-0.32512,518.16,1727.0710337193125,-70.5393901,-175.8001313,0,1164.8509548513043,0.26484210000000274,2.072703969259086,0.6088022007147178,170.99586987600009,GNSS Spoofing (Simulated),Normal GNSS
40.66577973,-73.64201103,139.9297137,109.7893547,17.55648,1424.94,2659.193009760812,-76.33802451,-97.27130389,1,1786.1403491595725,1.5404529000000196,2.1101162879661723,0.5758093121851166,68.17666230100005,GNSS Spoofing (Simulated),Normal GNSS
40.54872157,-73.82887407,70.7056445,265.4094568,0.32512,266.7,1251.1012415159566,-84.51031472,-178.571136,0,1678.8999748522237,1.0255387700000114,2.400306575634654,0.06977021738541742,56.311278848100116,GNSS Spoofing (Simulated),Normal GNSS
40.77516329,-73.87163336,63.17405834,307.0565282,-5.52704,1296.6709826257418,2569.90960216207,-85.42186899,48.88252354,0,1102.356513338261,0.0,1.0067939476783687,0.03872345423583466,127.8086436240001,GNSS Spoofing (Simulated),Normal GNSS
40.67342089,-73.1543189,84.14888066,32.47685039,34.2993589,1247.043956,2896.2786922898767,-67.77947072,159.3260939,2,2483.363350148438,73.01048726,1.7731312507166277,7.832300226753448,228.57643016909986,GNSS Spoofing (Simulated),Weak GNSS Signal
40.69654332,-74.04034271,181.2274573,30.35009589,0.0,601.98,2356.1655593224345,-64.04846486,10.84793878,3,1761.9338601097047,3.451490100000001,0.7150802051287952,1.2751791203396659,24.14341702799998,GNSS Spoofing (Simulated),Normal GNSS
40.68854969,-73.31732813,33.853662,123.8147601,4.593690965,956.2894922,1854.183240722875,-68.36617821,80.15526819,2,1839.8901886188828,200.0151593,1.8636415100482366,1.3116914841069833,41.201850314199994,GNSS Spoofing (Simulated),GNSS Jamming
40.60892743,-73.55658956,140.4441542,109.7901263,5.85216,1287.78,2256.2756614515947,-76.30355611,-57.22487354,1,1146.7205423891285,5.658844400000021,0.8617122381855724,0.8026964330311345,63.704986923599996,GNSS Spoofing (Simulated),Normal GNSS
41.01168358,-73.88624018,70.8458687,5.834788997,-0.97536,312.42,1160.9042795424991,-84.52986111,202.7523098,0,1213.27863490791,1.730168919999997,1.6369983329448874,0.08786648934397846,312.7465412161999,GNSS Spoofing (Simulated),Weak GNSS Signal
40.66184181,-73.42238333,126.8752778,179.3259803,33.9874318,1430.788859,2677.270692826598,-64.50122374,140.5741591,2,2822.3147017436727,65.73846887,1.799651778067696,1.468492783525164,117.920033875,GNSS Spoofing (Simulated),Normal GNSS
40.58720398,-73.50524902,63.3184229,73.47910781,-1.95072,365.76,1860.1675364882194,-78.48344114,122.501091,0,928.7079957434136,0.4214635100000024,1.4410187659624571,0.06439193985965548,162.7678699595999,GNSS Spoofing (Simulated),Normal GNSS
40.74161985795684,-73.71230522988994,13.48682601,192.8959526,9.10336,3596.64,4522.839313195131,-77.50482518959447,8.901816464724991,3,1396.095026876154,1.7728146599999999,1.5452635510262456,0.0,0.0,GNSS Spoofing (Simulated),Normal GNSS
40.6781559,-73.27459636,168.7238224,341.0928084,-17.24525514,-550.3193328,478.0856303823,-67.69252702,140.0446835,2,1474.8318767919623,109.57579532,2.082384230013174,0.782381772572702,185.6482416699999,GNSS Spoofing (Simulated),GNSS Jamming
40.66212998,-73.29883011,107.9532514,318.0855244,8.456781044,-1476.119691,427.7948983837257,-67.98430845,140.2814023,2,1886.7722562834902,8.671743919999997,2.2898693230241336,0.8757253581403358,124.3496165450999,GNSS Spoofing (Simulated),Normal GNSS
40.40333893,-74.22394492,278.1615406,47.39842133,0.0,10058.4,10974.153934770437,-89.3386433,562.7788484,0,2433.079380632551,0.0,1.5264934111508621,3.094047110223956,269.2076211629999,GNSS Spoofing (Simulated),Weak GNSS Signal
40.65261841,-73.54827881,147.533355,123.9117135,9.10336,1539.24,2745.6344078593493,-73.65748124,403.8832662,0,1900.4779468714664,2.7102875999999867,1.7205491830452244,0.7795986964887273,577.9652596999999,GNSS Spoofing (Simulated),Weak GNSS Signal
40.77623749,-73.87197876,117.37718697045607,182.77641750174155,1.7649764068873306,1296.6709826257418,2990.2561343375623,-85.51629488,8.901816464724991,0,1111.3018253417945,0.0,2.3631629413802058,0.09420969583703905,0.0,GNSS Spoofing (Simulated),Normal GNSS
40.62583923,-73.23046875,57.84922208,226.0809242,-0.65024,609.6,1289.561017336211,-75.18413755,108.9035456,0,1381.78839892257,0.5758548200000035,0.74833253700224,0.1096467294728761,65.02334330879991,GNSS Spoofing (Simulated),Normal GNSS
40.67933196,-73.34620493,75.14459686,142.5173232,-17.65917128,2514.795559,3069.4188300082233,-66.97088929,-22.1188314,2,2672.3322054775904,132.72573934000002,0.8367490718002157,0.48834313297293597,4.763366668999893,GNSS Spoofing (Simulated),GNSS Jamming
40.88459597,-73.39466442,189.6910666,38.3928667,12.35456,3947.16,4738.288057457796,-76.23136529,-470.6029453,0,2286.51514105261,3.3790194999999983,0.6762739438215433,1.3008375850001974,363.59221533970003,GNSS Spoofing (Simulated),Weak GNSS Signal
41.06354277,-73.71137966,117.37718697045607,182.77641750174155,1.7649764068873306,1296.6709826257418,3301.15386223842,-86.31067921,8.901816464724991,0,2354.3759996120575,0.0,1.8159651900810674,0.0560600841853313,0.0,GNSS Spoofing (Simulated),Normal GNSS
40.34240205,-73.83006009,120.0628977,316.0416267,-2.92608,845.82,1352.0896727316851,-85.04674854,-113.3467448,0,2282.067161772981,1.0982210000000094,1.3547104815807625,0.06972825472637709,382.5290413040001,GNSS Spoofing (Simulated),Weak GNSS Signal
40.65219355,-73.13311972,47.01489018,55.86518022,-17.75079196,1067.117681,1852.1822912170278,-67.6726237,159.3260939,2,2480.968289886964,149.48239962,2.070136202283674,0.7848768498613027,181.89138819399997,GNSS Spoofing (Simulated),GNSS Jamming
41.06638246,-73.7030931,0.0,0.0,0.0,1296.6709826257418,1969.8443412948625,-71.29158833,54.33599114,3,1054.086749103838,0.0,1.8424628266171852,0.8072679976154999,62.432131530999925,GNSS Spoofing (Simulated),Normal GNSS
40.68248356,-73.32124068,132.7750674,328.9274695,-14.05949825,-38.39271484,622.8656869333049,-66.70445279,-156.8387358,2,1611.2242464217472,92.18738209000001,1.2506422566564788,1.4477040979326896,129.16765407700012,GNSS Spoofing (Simulated),GNSS Jamming
40.29035665,-74.02300748,81.74643042,208.9845604,0.32512,1813.56,3266.6439299424446,-86.92902838,-82.73887849,0,2009.8203575756932,0.699540540000001,2.3079945147230827,0.15945237900813855,131.50351098999982,GNSS Spoofing (Simulated),Normal GNSS
40.65299858,-74.18012446,96.74967101,178.4765352,6.17728,487.68,1334.8983631086287,-86.4685475,-286.730706,0,1559.8442632541173,5.997316670000004,2.0348672841412947,0.6783478538370096,570.184316137,GNSS Spoofing (Simulated),Weak GNSS Signal
40.77044988,-73.86088111,117.37718697045607,182.77641750174155,1.7649764068873306,0.0,2776.737147588411,-82.2767755,8.901816464724991,0,4080.772593174206,0.0,1.0410698818203514,0.08553223616302386,0.0,GNSS Spoofing (Simulated),Normal GNSS
40.63116559,-74.19410706,111.3970248,202.53845,5.52704,594.36,1972.0330741491891,-88.66570813,-346.2286546,0,1869.2795188920468,5.907149699999991,1.2411795555440983,0.00803590036042489,253.87615721300017,GNSS Spoofing (Simulated),Normal GNSS
40.6460725,-73.28290685,237.4577346,135.9811267,-2.309109713,-1369.853886,389.89443363466853,-68.96177287,10.84793878,2,2505.3853768106337,113.57625200000001,1.3151278104085196,1.5225126775319984,24.143417027999874,GNSS Spoofing (Simulated),GNSS Jamming
40.76957703,-73.88378906,117.37718697045607,182.77641750174155,1.7649764068873306,0.0,1930.0311613102067,-82.03156814,8.901816464724991,0,4097.353209080968,0.0,0.8152232972499993,0.16477422217918491,0.0,GNSS Spoofing (Simulated),Normal GNSS
40.63060696,-74.22225952,112.1499719,253.4769725,11.70432,647.7,2404.89418901355,-86.66193738,-483.329149,0,1933.4012623876956,0.628289499999994,0.8126630450843748,0.16119344613123776,572.49817139,GNSS Spoofing (Simulated),Weak GNSS Signal
40.71055807,-73.50655571,15.53435532,261.0565316,27.62837268,-1760.851243,-342.40873535953915,-69.43230263,-103.0194736,2,2811.2510585169703,205.83378888,2.6125924567515,1.8785628262074439,59.12453859199999,GNSS Spoofing (Simulated),GNSS Jamming
40.89916992,-73.49676514,250.5426787,49.07968983,0.0,8839.2,9865.255229157436,-77.73445079,696.441473,0,2373.612669181356,0.0,1.4133735143975081,0.09600309126119899,157.0206570800002,GNSS Spoofing (Simulated),Normal GNSS
40.47036401,-74.30670945,157.2163085,179.9047688,14.6304,2964.18,4646.446082202926,-89.83879765,125.582973,1,2693.463457434188,1.8678487999999902,1.2811895955548154,0.03624853964377007,147.01937031009996,GNSS Spoofing (Simulated),Normal GNSS
40.70576537,-73.24081489,165.3030341,27.92790278,15.19539853,-2282.265308,-494.2957053141215,-68.68192819,-3.581025124,2,1554.0320403013534,68.63580918999999,2.0148978173547683,1.1304867550248923,57.564056253600036,GNSS Spoofing (Simulated),Normal GNSS
40.68379831,-73.34247413,54.46348893,15.48850144,-9.7536,4960.62,5963.935225631236,-70.10029541,-130.5110509,3,2019.3173087692676,12.00700535,1.6124455605057995,0.9547040036646182,106.98408260100003,GNSS Spoofing (Simulated),Normal GNSS
41.06638246,-73.7030931,0.0,0.0,0.0,114.3,3301.109593296417,-70.64922732,-102.9814472,3,3277.7233621524665,0.0,2.3722799736769247,0.5826098844045494,81.80788292200008,GNSS Spoofing (Simulated),Normal GNSS
40.78726771,-73.89362186,96.74830328,302.8450583,0.0,-7.62,2604.6052173903827,-66.78790586,63.14082432,3,2461.494446913751,0.0,2.0750084278187817,10.031609394886576,142.23581301299998,GNSS Spoofing (Simulated),Weak GNSS Signal
40.86462506,-73.87718894,124.241155,332.9044475,9.7536,883.92,2289.0566814999825,-85.08554356,384.2757058,0,1676.8155147433895,7.285731300000009,1.4735176082490775,0.05021715169157615,352.6476160205,GNSS Spoofing (Simulated),Weak GNSS Signal
41.07591403,-73.70967865,117.37718697045607,182.77641750174155,1.7649764068873306,129.54,3399.893372368861,-83.65059825,8.901816464724991,0,4111.521951556083,0.0,1.2527189469616524,0.04354857629559726,0.0,GNSS Spoofing (Simulated),Normal GNSS
40.84605072,-73.45983332,249.4416893,50.10365141,0.97536,8229.6,9523.364117958798,-74.77860266,918.094913,0,2439.290928802432,1.4493319999999983,2.508765529848646,2.785764719922769,663.292400447,GNSS Spoofing (Simulated),Weak GNSS Signal
41.07590103,-73.70967102,117.37718697045607,182.77641750174155,1.7649764068873306,1296.6709826257418,3142.658090672565,-86.21888638,8.901816464724991,0,1316.7625706779825,0.0,1.935520472007287,0.061990290228245246,0.0,GNSS Spoofing (Simulated),Normal GNSS
41.0630307,-73.70796204,0.0,0.0,0.0,121.92,1061.4186767426895,-86.31021005,-106.0203617,0,1583.5823983411308,0.0,2.4024232000076786,0.06121067283800931,149.58053430600012,GNSS Spoofing (Simulated),Normal GNSS
40.57929462,-73.70160658,278.6867127,70.16734511,-11.05408,10043.16,12100.120283362236,-83.17700878,125.582973,1,1579.666621257939,1.4491844000000356,0.7765670444340769,0.7401352104189836,147.01937031009993,GNSS Spoofing (Simulated),Normal GNSS
40.77626038,-73.87194824,117.37718697045607,182.77641750174155,1.7649764068873306,7.62,2824.0199502363594,-82.38387071,8.901816464724991,0,2269.9099618992554,0.0,2.2010673583815654,0.08310640509453004,0.0,GNSS Spoofing (Simulated),Normal GNSS
40.70991712,-73.47280466,213.0281217,264.798276,-24.36741203,3090.118603,3921.1715018381024,-67.63146175,72.19014502,2,2846.932364708859,44.701648000000006,1.974145757982415,1.1985880655925298,40.62397089719998,GNSS Spoofing (Simulated),Normal GNSS
40.59052548,-73.49098206,61.84036296,73.07248694,-0.65024,365.76,1448.6991406838547,-78.34207373,276.813396,0,1824.1561221651173,1.9714333800000006,0.7527602166702245,0.09416848741835158,224.6619948435999,GNSS Spoofing (Simulated),Normal GNSS
40.45836405,-73.98213911,208.4177663,320.8100994,0.32512,899.16,1875.6134515453425,-59.79513384,69.81525755,3,1476.5771593257296,10.486467699999992,1.7066756699384447,2.639224335157637,90.92661455099999,GNSS Spoofing (Simulated),Normal GNSS
40.7752533,-73.87162781,63.17405834,307.0565282,-5.52704,1296.6709826257418,2040.0816615629415,-84.72197547,146.8752625,0,2242.8979107436744,0.0,1.8721927302108976,0.10653917673609063,64.14677841200012,GNSS Spoofing (Simulated),Normal GNSS
40.72290254,-73.40154434,30.24738235,331.5526131,-3.90144,38.1,559.9921551495462,-75.20275719,107.6592617,1,838.9518038446344,0.0,0.5246053717772057,0.2862817063347735,92.21184128099996,GNSS Spoofing (Simulated),Normal GNSS
41.06700897,-73.70401001,52.32429119,329.9057585,1.30048,1296.6709826257418,2442.637055053167,-83.46060098,-271.2066913,0,1537.8967238384444,0.0,1.408635923683493,0.1672359671858278,82.20384728500014,GNSS Spoofing (Simulated),Normal GNSS
40.679239,-73.19417691,189.6432932,19.20658047,18.16830882,3144.92765,3686.04700972623,-66.95854122,117.309828,2,2359.241762537564,3.3587875000000054,2.267943592392643,0.9993554965626998,125.408550371,GNSS Spoofing (Simulated),Normal GNSS
41.07591403,-73.70966304,117.37718697045607,182.77641750174155,1.7649764068873306,1296.6709826257418,2171.150708315058,-83.06621924,8.901816464724991,0,2320.5415900690323,0.0,1.0907180506881797,0.10337975785094254,0.0,GNSS Spoofing (Simulated),Normal GNSS
40.54029814,-73.19093779,122.9726759,167.3885344,20.9875375,-2306.332514,-739.5485747236967,-66.00552976,187.3656838,2,2980.9641265935775,111.14728889999999,1.590994673597096,1.5818989341248264,208.54057613799986,GNSS Spoofing (Simulated),GNSS Jamming
40.77301718,-73.86470724,48.37415164,322.8450583,0.0,1296.6709826257418,2985.0559254677773,-85.53984479,-183.4754882,1,2291.035050564351,0.0,1.3846282541357864,0.11490947957654762,158.28771563200004,GNSS Spoofing (Simulated),Normal GNSS
40.77859244,-73.36471744,123.20543529746672,19.3885129,-24.28895687,2640.021251,2620.720495,-138.9260811196471,-22.1188314,2,19.300756000000092,162.0260013,0.12731597999999167,33.845922311689264,0.0,Weak GNSS Signal (Simulated),GNSS Jamming
40.72431661,-74.14816423,30.037613767878504,205.1735245,-0.65024,-7.62,1422.9190719423957,-164.9753275124387,69.16308951,0,1430.5390719423956,0.0,0.0,56.833431639495586,159.72886863400015,Weak GNSS Signal (Simulated),GNSS Spoofing
40.61436023,-74.05883789,105.6549277656549,193.9976084,7.80288,3733.8,3810.0,-145.2933883180937,364.2086418,0,76.19999999999982,0.12376059999999711,0.02051219999999887,51.37551422324311,126.58166841000002,Weak GNSS Signal (Simulated),Normal GNSS
40.64804254,-73.40111916,114.15200744205752,183.6699787,-26.54495785,-949.9262131,-957.2531458,-113.12145958205004,-105.1599288,2,7.326932699999929,19.41230519999999,0.16050957999999582,25.386850859564664,140.596134947,Weak GNSS Signal (Simulated),Normal GNSS
40.76342481,-73.48215824,29.599824347108825,312.790002,3.320441291,-1058.098179,-1064.495608,-109.29359227832808,-22.1188314,2,6.397428999999875,202.35930552000002,0.09501016000000106,61.039566030606,12.328989823000011,Weak GNSS Signal (Simulated),GNSS Jamming
40.97753385,-73.95121988,32.897113008199796,339.4439548,-1.6256,91.44,45.72,-106.70149515995422,66.98062253,3,45.72,0.0,0.007772839999994119,57.16990663640885,16.48663337739997,Weak GNSS Signal (Simulated),Normal GNSS
40.77663803,-73.86904907,16.705379363361534,302.3196165,-0.32512,-7.62,1422.9190719423957,-126.56769119146085,70.23115563,0,1430.5390719423956,0.0,0.0009823299999922597,31.489053291637234,76.65226623499984,Weak GNSS Signal (Simulated),GNSS Spoofing
41.06623077,-73.70783997,39.231120560360424,182.77641750174155,1.7649764068873306,1296.6709826257418,1422.9190719423957,-153.4227339345143,8.901816464724991,0,126.24808931665393,0.0,0.0015298700000130339,53.546801702312386,12.70622741558265,Weak GNSS Signal (Simulated),Normal GNSS
40.74476025,-73.32544004,112.85608175625764,60.32174431,-23.29265824,-2639.752,-2646.02076,-112.45133900514125,-103.0194736,2,6.268759999999929,121.66326012,0.010286829999998304,25.484447462717764,59.124538592000036,Weak GNSS Signal (Simulated),GNSS Jamming
40.86785889,-74.03918457,27.704234980597306,228.2519456,-3.2512,0.0,53.34,-145.1084005048253,-213.6611199,0,53.34,0.0,0.0,60.106764069592856,176.02513059100013,Weak GNSS Signal (Simulated),Weak GNSS Signal
40.27355129,-74.08274564,108.11222749642964,66.61793018,0.0,8839.2,9159.24,-155.87738733571547,731.1759634,0,320.03999999999905,18.9506375,1.3966454299999995,50.78153661994889,167.1878019799998,Weak GNSS Signal (Simulated),Normal GNSS
40.33222961,-74.11401367,20.333088108481746,321.1155036,2.92608,304.8,281.94,-150.7688857588361,-285.179528,0,22.860000000000014,0.0,0.00839000000000567,46.012440478941684,244.84866359300008,Weak GNSS Signal (Simulated),Weak GNSS Signal
40.50161071,-74.16632912,85.84926043413877,42.560302,-10.07872,2019.3,2057.4,-134.9643682864023,364.8915679,0,38.100000000000136,1.0754006000000231,0.020873399999999265,23.86579956896326,12.869077350000225,Weak GNSS Signal (Simulated),Normal GNSS
40.63899368,-73.32435027,9.863426547687796,290.4442391,25.81303824,1235.658767,1239.286308,-139.0931892572905,-154.0584159,2,3.6275410000000647,60.06608490000001,0.21918661000000128,57.069391066878175,91.5926082780001,Weak GNSS Signal (Simulated),GNSS Jamming
41.07705688,-73.87744141,25.648084576841224,359.5558556,2.27584,342.9,327.66,-156.31840231463207,-277.7451067,0,15.239999999999952,0.005981460000000993,0.004920590000011771,21.352853480935376,246.10452105400012,Weak GNSS Signal (Simulated),Normal GNSS
40.72518591,-73.78944002,14.383347177270991,162.077115,-10.72896,3566.16,3642.36,-141.44245471662168,3.305946112,3,76.20000000000027,3.25350087,0.0033836899999926118,30.049713560374546,31.847604013200005,Weak GNSS Signal (Simulated),Normal GNSS
40.77618027,-73.87202454,61.622443478234466,182.77641750174155,1.7649764068873306,1296.6709826257418,1422.9190719423957,-126.82403731229253,8.901816464724991,0,126.24808931665393,0.0,0.00013352000000566022,25.824982517942857,0.0,Weak GNSS Signal (Simulated),Normal GNSS
40.62160146,-73.12577269,33.76599600561436,120.1629835,12.76892265,-2368.291062,-2377.490023,-114.10610678601378,-130.3729458,2,9.198961000000054,208.69902565999996,0.15681349999999128,53.062559064241086,146.35214165200009,Weak GNSS Signal (Simulated),GNSS Jamming
40.58361891,-73.3350372,81.42585692374239,264.2686739,4.65736308,-2253.080237,-2244.508465,-146.0711613902603,197.5191505,2,8.571772000000237,57.56729769999998,0.15353894000000423,29.871697597699708,132.71004265999989,Weak GNSS Signal (Simulated),Normal GNSS
40.67156837,-73.26091377,49.49860968049212,333.4808018,20.23017355,-341.9111141,-358.6037414,-122.70325174299762,17.16987085,2,16.69262729999997,13.546024799999998,0.12655000000000882,57.43117726939249,7.128426939999963,Weak GNSS Signal (Simulated),Normal GNSS
40.77677536,-73.87635803,62.58586097719426,182.77641750174155,1.7649764068873306,1296.6709826257418,1422.9190719423957,-137.39707020123757,8.901816464724991,0,126.24808931665393,0.0,0.0,46.30369926926819,307.1995330376376,Weak GNSS Signal (Simulated),Weak GNSS Signal
40.77534485,-73.87153625,28.233113519587246,307.0565282,-5.52704,0.0,1422.9190719423957,-142.07682925406132,256.4031501,0,1422.9190719423957,0.0,0.0,21.536652502299276,46.34759631899988,Weak GNSS Signal (Simulated),GNSS Spoofing
40.41675829,-73.62262795,81.55138296078802,264.3978124,-2.60096,883.92,899.16,-148.49714431054332,129.06124,1,15.240000000000009,0.9271407999999894,0.017631430000001558,20.50971528573402,110.0921917539,Weak GNSS Signal (Simulated),Normal GNSS
41.05964402,-73.70234403,51.58633898231929,182.77641750174155,1.7649764068873306,1296.6709826257418,1422.9190719423957,-164.4060355418788,8.901816464724991,0,126.24808931665393,0.0,0.00011843999999427979,22.097906040886972,127.49216936705508,Weak GNSS Signal (Simulated),Normal GNSS
40.64416444,-73.37740567,67.3845165149329,262.9181162,16.08563721,2474.281307,2460.271139,-118.4561912452822,66.98062253,2,14.010168000000249,38.05626848,0.06852770999999791,45.502041440850924,16.486633377400004,Weak GNSS Signal (Simulated),Normal GNSS
40.6340626,-74.21331865,71.90206547517332,206.254508,-0.65024,-7.62,1422.9190719423957,-145.80158519248107,-71.75122118,3,1430.5390719423956,0.0,0.022646280000010677,52.31034715136409,117.17910453900004,Weak GNSS Signal (Simulated),GNSS Spoofing
40.7153984,-74.21983763,33.633916985928934,295.1944289,-0.65024,-7.62,1422.9190719423957,-129.98621699545026,135.7755361,1,1430.5390719423956,0.0,0.0,29.609298443333614,136.84092254599997,Weak GNSS Signal (Simulated),GNSS Spoofing
40.63206959,-73.38797451,22.242521012428615,219.3844433,14.08646496,1939.705876,1953.859106,-128.85369792307299,-57.22487354,2,14.153230000000121,91.38054557000001,0.01036884999999188,54.594265898163606,63.704986923600124,Weak GNSS Signal (Simulated),GNSS Jamming
40.58759269,-73.84360574,122.26660614211644,48.42251391,0.32512,7010.4,7246.62,-150.44597453724342,796.5824342,0,236.22000000000025,2.2214574999999854,0.04006849999999673,22.79370391216134,55.0251660900002,Weak GNSS Signal (Simulated),Normal GNSS
40.75548399,-73.45011286,28.270328400155037,321.2162335,24.26838181,2111.638254,2085.65329,-110.11928693003013,-22.1188314,2,25.984963999999763,191.12288761,0.038827550000007705,53.006369111734784,0.0,Weak GNSS Signal (Simulated),GNSS Jamming
40.87214666,-74.35009507,47.82707156752167,263.5812133,-3.90144,68.58,53.34,-114.0244436925565,-175.2091069,3,15.239999999999995,0.0,0.01064631999999932,57.5402878818578,136.06311233490004,Weak GNSS Signal (Simulated),Normal GNSS
40.63992124,-73.5722096,60.49918328882539,329.8586144,-2.92608,411.48,396.24,-124.57268972265214,124.1562073,3,15.240000000000009,4.069227999999995,0.015223909999988905,51.07562433851681,118.07616079499996,Weak GNSS Signal (Simulated),Normal GNSS
40.74774947,-73.34596475,9.806088114227654,48.61302186,-21.95919654,-554.0890472,-540.5136047,-143.74629158572725,-22.1188314,2,13.575442500000008,139.12354392,0.09075680000000119,50.11387576962328,0.0,Weak GNSS Signal (Simulated),GNSS Jamming
40.56795534,-73.22697807,14.424885331159153,196.8929447,29.36636804,-2353.943352,-2342.078456,-131.1621414893749,-89.58187985,2,11.86489599999959,117.20575505000001,1.195496569999996,62.423783712658505,31.246902349692405,Weak GNSS Signal (Simulated),GNSS Jamming
40.38702393,-74.14648438,63.90166291962059,192.1352989,9.42848,4777.74,4899.66,-164.71502645400847,768.006407,0,121.92000000000007,1.1138397999999938,0.022197770000005335,21.828479107466627,188.62306148999994,Weak GNSS Signal (Simulated),Normal GNSS
41.06638246,-73.7030931,0.0,0.0,0.0,1296.6709826257418,1422.9190719423957,-141.17848017451882,-130.3729458,3,126.24808931665393,0.0,0.0,37.24776490224079,128.16561671400007,Weak GNSS Signal (Simulated),Normal GNSS
41.08840167,-73.7349909,49.68636009163586,285.6996685,10.07872,563.88,556.26,-145.91399759221167,-221.3751886,0,7.6200000000000045,4.690335689999998,0.01496665999999891,25.163061480866055,211.01420662783514,Weak GNSS Signal (Simulated),Normal GNSS
40.35767119,-73.84922374,60.41408876026986,316.5960639,-4.22656,777.24,769.62,-156.2514325800875,70.42049193,0,7.6200000000000045,1.7931926000000118,0.01674927999999909,40.29955196352798,99.84372684700006,Weak GNSS Signal (Simulated),Normal GNSS
40.62301894,-73.35614985,31.566136170943828,46.75698831,-0.65024,1059.18,1021.08,-110.6690992990795,-97.7450664,0,38.10000000000002,3.2592891600000016,0.00902607999999816,50.36281931623243,121.14984033000007,Weak GNSS Signal (Simulated),Normal GNSS
40.58948328,-74.12474195,45.82073944927788,230.5933148,1.6256,365.76,350.52,-132.5178183406294,95.89858842,1,15.240000000000009,2.1188736499999976,0.012337319999993213,45.32983450107292,154.51950640209992,Weak GNSS Signal (Simulated),Normal GNSS
40.64751603,-73.23600087,95.68135427262695,354.4131131,28.75567778,3091.598462,3106.308721,-137.99335614530946,171.8392041,2,14.710258999999951,61.31427529999999,0.08032442000000373,55.712974223200554,131.96424537399997,Weak GNSS Signal (Simulated),Normal GNSS
40.7153984,-74.21983763,33.768728541075454,295.1944289,-0.65024,-7.62,1422.9190719423957,-160.45155708300646,-12.27498722,1,1430.5390719423956,0.0,0.0,26.275160836663765,50.97729553199997,Weak GNSS Signal (Simulated),GNSS Spoofing
40.72431661,-74.14816423,17.887921133487716,205.1735245,-0.65024,-7.62,1422.9190719423957,-134.94906039865734,338.17998,0,1430.5390719423956,0.0,0.0,49.43039921325049,90.87149488429989,Weak GNSS Signal (Simulated),GNSS Spoofing
40.76969341,-73.88251045,43.47187895248452,182.77641750174155,1.7649764068873306,1296.6709826257418,1422.9190719423957,-143.77716341396214,8.901816464724991,0,126.24808931665393,0.0,0.0008405800000019781,27.78981016480512,0.0,Weak GNSS Signal (Simulated),Normal GNSS
40.77521896,-73.86608887,23.537378650149748,302.8450583,0.0,1296.6709826257418,1422.9190719423957,-149.47788234800043,4.084959745,0,126.24808931665393,0.0,0.0,30.933892475132446,86.51260624649998,Weak GNSS Signal (Simulated),Normal GNSS
40.66080462,-73.44673216,10.203710052215628,204.1082124,-8.941917098,1177.727938,1151.92491,-142.67167279104046,-22.1188314,2,25.80302800000004,67.14824766000001,0.06580104999999747,49.03933396682184,0.0,Weak GNSS Signal (Simulated),GNSS Jamming
40.6067641,-73.3086677,75.01239095148622,283.6510312,21.94963767,3138.779061,3152.604071,-134.023938873549,135.7755361,2,13.82501000000002,17.087082299999963,0.2527044200000006,60.74326682755326,136.84092254599992,Weak GNSS Signal (Simulated),Normal GNSS
41.06613806,-73.70299946,53.334879444158894,182.77641750174155,1.7649764068873306,1296.6709826257418,1422.9190719423957,-142.40670893094722,8.901816464724991,0,126.24808931665393,0.0,0.0,44.50538548300556,0.0,Weak GNSS Signal (Simulated),Normal GNSS
40.77304459,-73.86555481,59.06258300351545,182.77641750174155,1.7649764068873306,1296.6709826257418,1422.9190719423957,-138.8556084062873,8.901816464724991,0,126.24808931665393,64.14031060045608,0.5220909099999957,23.901329578699613,222.51283155825243,Weak GNSS Signal (Simulated),Normal GNSS
40.62954518,-73.16434173,20.49501996995663,54.38205069,35.11337779,-1655.235628,-1685.486903,-123.2087645549404,147.2368815,2,30.251275000000078,224.11904174,0.17261709999999653,46.046589620688835,109.91176102310001,Weak GNSS Signal (Simulated),GNSS Jamming
40.6750768,-73.56168281,60.47719492263087,62.24612308,18.20672,2209.8,2217.42,-139.93323082319898,30.34331679,1,7.619999999999891,0.15462049999999294,0.02069948000001176,22.533748431131738,145.21400216799995,Weak GNSS Signal (Simulated),Normal GNSS
41.06638246,-73.7030931,0.0,0.0,0.0,114.3,1422.9190719423957,-144.452301190093,88.43216276,3,1308.6190719423957,0.0,0.0,55.82990283523976,77.81533860719993,Weak GNSS Signal (Simulated),Normal GNSS
41.03884478,-73.93439596,45.04338579417102,9.89392067,0.32512,213.36,190.5,-127.71032958305199,-22.1188314,3,22.860000000000014,0.3306131800000003,0.009819679999992559,48.38313140402483,0.0,Weak GNSS Signal (Simulated),Normal GNSS
40.58190414,-73.11690952,48.060239588890084,106.0851991,-21.40313403,-1869.022109,-1866.550924,-119.99926135805433,158.500237,2,2.471185000000105,21.30068750000001,0.03704605000000072,27.87650917693224,89.42043872309992,Weak GNSS Signal (Simulated),Normal GNSS
40.31850148,-73.51627877,81.97418689054476,255.8668095,-0.32512,1371.6,1363.98,-114.06491825990325,-18.75533557,3,7.619999999999891,0.06817540000000122,0.020153529999994646,24.787697653311135,61.26544027200007,Weak GNSS Signal (Simulated),Normal GNSS
40.29268426,-73.85128368,52.69768712440481,338.702646,-1.6256,891.54,906.78,-155.41578360973784,-194.5004725,0,15.240000000000009,0.8701341999999954,0.017899830000004613,27.428332332177874,254.43247132400012,Weak GNSS Signal (Simulated),Normal GNSS
40.53627621,-73.21711185,50.68005668943497,190.3052942,-10.80289875,-1432.839435,-1423.268725,-139.31604101695643,135.7755361,2,9.57071000000019,72.39609365,0.016162889999989716,60.319568065477796,136.8409225459999,Weak GNSS Signal (Simulated),GNSS Jamming
40.73487048,-73.98110782,55.393637101436006,247.8905517,0.0,609.6,594.36,-114.341512694165,-160.9012423,3,15.240000000000009,1.7357504000000006,0.02048900000001197,38.50668297313336,147.85505999000003,Weak GNSS Signal (Simulated),Normal GNSS
41.07069397,-73.7063446,56.00019522924419,182.77641750174155,1.7649764068873306,1296.6709826257418,1422.9190719423957,-129.42010190820713,8.901816464724991,0,126.24808931665393,0.0,1.096999999106174e-05,51.452568903885904,0.0,Weak GNSS Signal (Simulated),Normal GNSS
40.63088627,-74.19597973,47.589710099239475,203.7780046,6.82752,586.74,579.12,-152.00418107025808,-44.20190716,0,7.6200000000000045,4.531308700000011,0.011886060000009024,45.48000420172952,171.71723594400004,Weak GNSS Signal (Simulated),Normal GNSS
41.06355441,-73.7157024,44.89061350112959,182.77641750174155,1.7649764068873306,1296.6709826257418,1422.9190719423957,-129.37717341770792,8.901816464724991,0,126.24808931665393,0.0,2.9310000002169545e-05,42.89663395897007,0.0,Weak GNSS Signal (Simulated),Normal GNSS
40.89463806,-74.1762085,77.85753758277815,126.4842176,-0.65024,1203.96,1211.58,-159.83705310825366,-314.6146591,0,7.619999999999891,2.1286029999999982,0.020355219999999008,26.070796923100865,138.51526958600007,Weak GNSS Signal (Simulated),Normal GNSS
40.77365112,-73.86573792,41.8189216949832,182.77641750174155,1.7649764068873306,0.0,1422.9190719423957,-134.739111556963,8.901816464724991,0,1422.9190719423957,0.0,0.0,57.92281533252391,0.0,Weak GNSS Signal (Simulated),GNSS Spoofing
41.06700897,-73.70401001,17.028599275832196,329.9057585,1.30048,1296.6709826257418,1422.9190719423957,-129.5021152288457,-96.19765019,0,126.24808931665393,0.0,0.0,32.169139199793854,9.570691393499857,Weak GNSS Signal (Simulated),Normal GNSS
40.97665384,-74.06868455,20.828102535658708,248.2245226,-2.92608,53.34,30.48,-162.57361934949802,-25.93236852,1,22.860000000000003,0.0,0.0,43.19597165975387,43.12134645420006,Weak GNSS Signal (Simulated),Normal GNSS
40.70539565,-73.52926955,10.518437581363472,237.3002844,-9.401476705,929.6273212,929.4534361,-115.19783721941113,167.5563142,2,0.1738851000000068,63.14710673,0.08915070999999841,50.11678507603649,118.2136526038,Weak GNSS Signal (Simulated),Normal GNSS
40.68040889,-73.16924576,36.63044381867455,37.53701675,21.61239729,-978.3650841,-968.579121,-119.24845660351743,-19.56434059,2,9.785963100000004,64.878165829,0.04994997000000723,46.94672810007655,26.517956863999995,Weak GNSS Signal (Simulated),Normal GNSS
40.74423282,-73.32382243,38.342674727182505,61.30181054,10.53017181,-2881.941831,-2876.781283,-113.93490510768234,-22.1188314,2,5.16054800000029,122.80629955,0.1071866099999852,59.00342871579212,0.0,Weak GNSS Signal (Simulated),GNSS Jamming
40.72819003,-74.02932402,52.43253017352235,271.3118878,-1.30048,594.36,579.12,-113.7893152466142,117.309828,3,15.240000000000009,3.2201438000000167,0.016308240000007856,26.419673458958087,125.40855037099996,Weak GNSS Signal (Simulated),Normal GNSS
41.07591248,-73.70967102,49.57807969244557,182.77641750174155,1.7649764068873306,1296.6709826257418,1422.9190719423957,-124.68878752345759,8.901816464724991,0,126.24808931665393,0.0,0.0,40.488230699596414,0.0,Weak GNSS Signal (Simulated),Normal GNSS
41.07590239,-73.70967865,40.03106511098288,182.77641750174155,1.7649764068873306,1296.6709826257418,1422.9190719423957,-128.9364164165704,8.901816464724991,0,126.24808931665393,0.0,0.0,36.19586239108212,0.0,Weak GNSS Signal (Simulated),Normal GNSS
40.8570836,-74.01770158,91.62400739048317,122.762623,-6.5024,5775.96,5928.36,-134.2538952674341,-261.2571092,0,152.39999999999964,0.0,0.02795991000000697,39.38571695883534,331.261667945,Weak GNSS Signal (Simulated),Weak GNSS Signal
40.64218578,-73.41485984,63.40490011147888,177.9441841,5.607884834,-2103.452503,-2107.230401,-109.40806824508701,74.39086628,2,3.777897999999823,84.07420556,0.14065295000001043,26.112238792306663,34.269712121999866,Weak GNSS Signal (Simulated),GNSS Jamming
40.57513339,-73.15042423,84.35672654790918,105.5805572,13.41923042,3063.675797,3070.473363,-131.84913016443886,197.5191505,2,6.797566000000188,65.11752059999999,0.13702708000000285,26.96506348336352,132.7100426599999,Weak GNSS Signal (Simulated),Normal GNSS
40.84884385,-74.10209656,55.15741458660997,163.6681884,0.0,899.16,906.78,-152.87275050198025,157.084625,0,7.6200000000000045,1.3866086000000024,0.01405592999999783,31.172930091659598,134.6682631279999,Weak GNSS Signal (Simulated),Normal GNSS
40.52237301,-74.26458185,61.637129132583674,162.1335684,10.40384,1706.88,1722.12,-143.5941539132811,363.4240267,0,15.239999999999782,2.307487100000003,0.016038909999998907,32.28932085586574,447.0991836409999,Weak GNSS Signal (Simulated),Weak GNSS Signal
40.81704614,-73.70732148,60.12999004090821,329.9057585,-2.92608,121.92,1422.9190719423957,-125.43464387808197,158.9050136,3,1300.9990719423956,0.0,0.014410220000009133,37.319430904852744,126.32548303999995,Weak GNSS Signal (Simulated),Normal GNSS
40.71739197,-73.39685059,16.675383329504285,312.7542574,-1.6256,76.2,53.34,-134.5079795408892,161.2457025,0,22.86,0.6906342500000022,0.005446949999999617,44.483246671974975,150.66432275019991,Weak GNSS Signal (Simulated),Normal GNSS
40.90354041,-74.03582315,33.27352449820027,232.1012489,-3.57632,548.64,548.64,-159.77882382938435,184.1614573,1,0.0,0.2724103999999983,0.015651839999996753,45.549014716862104,154.74047051199994,Weak GNSS Signal (Simulated),Normal GNSS
40.59562683,-73.80560303,29.489208056161303,30.96375653,-3.57632,190.5,167.64,-155.56301103288826,-80.08978963,0,22.860000000000014,2.0264818899999995,0.01059365999999784,36.672223898060714,13.66211335599985,Weak GNSS Signal (Simulated),Normal GNSS
40.71988546,-73.37917629,32.521590475463384,113.1560324,33.2926955,-1655.569676,-1635.382329,-107.81246843051167,158.9050136,2,20.187347000000045,85.7689102,0.12243392999999259,38.04854329919464,126.32548303999997,Weak GNSS Signal (Simulated),GNSS Jamming
40.64021748,-73.23419497,104.02836169361841,116.5430202,9.882082532,-952.4825183,-967.7880924,-115.71856750386097,-14.99285817,2,15.305574099999944,170.47173529999998,0.16956934999999618,30.307675907428333,43.39818758760002,Weak GNSS Signal (Simulated),GNSS Jamming
41.0935429,-73.83946086,78.60099885894418,232.3057595,8.128,1082.04,1074.42,-117.96362092417584,-97.27130389,3,7.619999999999891,18.889927999999998,0.03855595000000278,45.394628040804385,109.80199004600007,Weak GNSS Signal (Simulated),Normal GNSS
41.06318199,-73.70922609,6.728680200276091,323.1301024,0.0,121.92,1422.9190719423957,-136.11398689328848,126.0463135,0,1300.9990719423956,0.0,0.0,32.7771288421577,189.29607853289988,Weak GNSS Signal (Simulated),Normal GNSS
40.79414497,-73.79210732,36.586083336899,91.18526082,-3.2512,594.36,571.5,-145.4899385597109,-149.8106489,0,22.860000000000014,0.34486869999999215,0.009132990000004781,21.76963981888877,278.5674506670001,Weak GNSS Signal (Simulated),Weak GNSS Signal
40.67450011,-73.44235269,91.74830890339034,182.9848,36.24628873,-1665.401484,-1673.826619,-121.77814802812769,180.2988212,2,8.425134999999955,174.20472055,0.0896962400000092,38.40612539009725,173.39282869749997,Weak GNSS Signal (Simulated),GNSS Jamming
40.88511933,-74.28448306,16.16828295818874,277.4711923,-6.82752,68.58,45.72,-131.89612548710375,135.7755361,1,22.86,0.0,0.0,39.01815034329575,136.84092254599994,Weak GNSS Signal (Simulated),Normal GNSS
40.38583529,-74.13430647,110.8943457814796,193.2405199,-0.32512,5173.98,5288.28,-142.33265341838285,477.6180911,0,114.30000000000018,2.502910899999989,0.02177134999998742,29.26234643102616,50.02738305999998,Weak GNSS Signal (Simulated),Normal GNSS
40.67357012,-73.40771482,91.42867827640508,160.7993857,-22.33771789,-1938.527982,-1923.351973,-126.49650938870548,-163.3769052,2,15.176009000000022,39.32893389999998,0.12064343999998783,44.53951079424223,192.690660108,Weak GNSS Signal (Simulated),Normal GNSS
40.77424622,-73.61328125,36.76842712199885,216.0546182,0.0,1821.18,1836.42,-126.33910177614865,-178.9952157,0,15.240000000000009,0.9180126499999943,0.011736349999992512,42.7705128662211,271.56637594000017,Weak GNSS Signal (Simulated),Weak GNSS Signal
40.56391546,-73.68416547,28.89926228974378,50.96375653,-3.57632,68.58,60.96,-152.9403138115424,-22.1188314,1,7.619999999999997,0.2633772200000095,0.0,48.38103188861365,0.0,Weak GNSS Signal (Simulated),Normal GNSS
41.00335026,-74.00993355,58.3199661739465,147.0424748,-0.32512,594.36,586.74,-127.84803060860418,-103.0194736,1,7.6200000000000045,0.2720964999999893,0.01441639000000805,46.135501548979605,5.805906870999948,Weak GNSS Signal (Simulated),Normal GNSS
40.83976616,-73.26713562,61.34209251365315,307.2972044,-0.32512,3040.38,3093.72,-155.1128490307225,517.9170725,0,53.33999999999969,0.20130130000001145,0.02420081000001062,51.36311511312277,195.81820561099988,Weak GNSS Signal (Simulated),Weak GNSS Signal
40.7010498,-74.02441406,22.4784879610813,7.319019376,3.90144,601.98,594.36,-130.736072603195,-10.08268285,0,7.6200000000000045,1.3987637000000035,0.005225840000008475,32.71746286022225,45.15799958600015,Weak GNSS Signal (Simulated),Normal GNSS
41.06638246,-73.7030931,0.0,0.0,0.0,114.3,1422.9190719423957,-146.16970509391012,128.6458066,3,1308.6190719423957,0.0,0.0,51.90456551009105,81.44834270279992,Weak GNSS Signal (Simulated),Normal GNSS
40.30736923,-73.56735764,69.00682787049514,253.3007558,0.0,1371.6,1363.98,-142.18900598710468,51.08935142,3,7.619999999999891,0.2924134999999808,0.020921540000003347,42.76707081706522,21.48727796899993,Weak GNSS Signal (Simulated),Normal GNSS
40.35988595,-73.90654228,60.255244962588414,264.3497737,-1.6256,1196.34,1203.96,-164.6091405834637,-59.39891291,1,7.620000000000118,2.987134400000002,0.014589210000004016,37.44283560414854,35.562103372500005,Weak GNSS Signal (Simulated),Normal GNSS
40.68264085,-73.31299117,18.07496795796209,125.8162827,-11.38666252,2501.441057,2509.546799,-140.71234510094374,51.39666843,2,8.105742000000191,190.9025447,0.21291721999999424,45.84342392345756,14.775352561999988,Weak GNSS Signal (Simulated),GNSS Jamming
40.86781311,-74.03900146,32.359672615352125,228.5165475,-4.22656,53.34,76.2,-156.45767438085315,-267.9777339,0,22.86,0.0,0.0,34.471306590128656,23.245438610000065,Weak GNSS Signal (Simulated),Normal GNSS
40.77677536,-73.87635803,45.755386666326686,182.77641750174155,1.7649764068873306,0.0,1422.9190719423957,-150.9464207198219,8.901816464724991,0,1422.9190719423957,0.0,0.0,40.611628069621794,0.0,Weak GNSS Signal (Simulated),GNSS Spoofing
40.6097688,-73.18290131,71.07820875035009,120.9771442,21.14439347,-2263.476852,-2270.603705,-138.26073580312516,78.43823791,2,7.12685300000021,189.72141889,0.10639223999999814,50.151083618942316,68.69134608299984,Weak GNSS Signal (Simulated),GNSS Jamming
40.49410385,-74.13817706,60.24090962150353,275.0538261,-2.27584,7.62,0.0,-104.46747308652589,-3.581025124,3,7.62,1.884694599999989,0.019130440000012072,57.204753446840684,57.56405625360002,Weak GNSS Signal (Simulated),Normal GNSS
40.57757159,-73.21577983,89.23197348072473,196.5866111,-15.80742505,1171.344085,1164.878688,-127.5658391879055,95.89858842,2,6.465396999999939,60.93234670000004,0.18276389999999765,58.02748282483126,153.12111119409985,Weak GNSS Signal (Simulated),Weak GNSS Signal
40.73313487,-73.34365588,36.168651395673635,45.7422531,-15.4861286,-1540.2987,-1557.877026,-127.30727670761658,-97.27130389,2,17.578325999999834,33.51991912999999,0.19101540999999145,41.37475037244719,71.88291475600008,Weak GNSS Signal (Simulated),Normal GNSS
40.5720908,-73.52469011,30.605885073305533,254.6148116,-0.97536,205.74,182.88,-150.2936239349023,171.1477005,0,22.860000000000014,0.8517718899999949,0.010765810000002318,41.22649523705913,108.04780056729992,Weak GNSS Signal (Simulated),Normal GNSS
40.6124128,-73.40956941,42.08427399311557,249.9047688,-1.30048,320.04,297.18,-130.84452603374064,71.21835852,3,22.860000000000014,1.9296612899999985,0.012799909999998249,52.41981360351483,76.28202125499993,Weak GNSS Signal (Simulated),Normal GNSS
40.706394,-74.01102239,43.465875937894744,80.47774499,-0.65024,1402.08,1371.6,-142.39342220401414,227.2662175,0,30.480000000000018,59.868970739999995,0.6136399599999933,33.48015108813338,536.331361457,Weak GNSS Signal (Simulated),Weak GNSS Signal
40.66558536,-73.43942077,12.69024490638349,200.8239807,-7.314931856,1004.589943,1003.414868,-132.6810026494844,88.43216276,2,1.1750749999999925,21.701805568,0.184517630000002,55.05379525722447,77.81533860719999,Weak GNSS Signal (Simulated),Normal GNSS
40.61235848,-73.78043435,28.746731256828596,30.12904264,-4.22656,38.1,38.1,-134.39559558003384,259.9982178,0,0.0,0.0,0.0,39.912128136950294,103.24479558399997,Weak GNSS Signal (Simulated),Normal GNSS
41.07480841,-73.71020924,2.345710189726025,330.9453959,0.0,129.54,1422.9190719423957,-128.90577533815826,-85.91760421,0,1293.3790719423957,0.0,0.0003496799999922473,24.74882754507252,112.3123625754001,Weak GNSS Signal (Simulated),GNSS Spoofing
40.777771,-74.11425781,61.41253726977527,205.5374344,-6.82752,533.4,533.4,-144.68721777094981,474.7503598,0,0.0,0.9365108000000077,0.013164519999996571,22.932689596543604,361.34680315699995,Weak GNSS Signal (Simulated),Weak GNSS Signal
40.77676935,-73.87636185,58.96786234668627,182.77641750174155,1.7649764068873306,0.0,1422.9190719423957,-141.3981778837954,8.901816464724991,0,1422.9190719423957,0.0,0.0,53.78802841351995,0.0,Weak GNSS Signal (Simulated),GNSS Spoofing
40.77624247,-73.67608175,56.969802192248835,329.9057585,-2.92608,121.92,1422.9190719423957,-121.33532356115495,-112.2249999,3,1300.9990719423956,0.0,0.014406379999996943,22.63491460295924,64.67217491200003,Weak GNSS Signal (Simulated),Normal GNSS
40.87957764,-74.03546143,81.3013484023854,242.2318218,13.65504,3611.88,3657.6,-142.3370228746051,-184.7932017,0,45.7199999999998,2.0831435000000056,0.020965569999994216,31.408054537853666,127.06826526000012,Weak GNSS Signal (Simulated),Normal GNSS
40.61828613,-74.31396484,139.0591781047978,9.593134263,0.32512,10660.38,11018.52,-144.44309122304992,293.0948329,0,358.14000000000124,0.5933242000000405,0.028106690000001322,33.39853676419354,109.16891436099985,Weak GNSS Signal (Simulated),Normal GNSS
40.80517785,-73.97463018,23.902824588691267,24.40766867,-2.27584,320.04,304.8,-136.61959398650183,123.9439483,0,15.240000000000009,1.6177653099999958,0.008413259999997535,27.070593318208598,31.08632460299988,Weak GNSS Signal (Simulated),Normal GNSS
40.37126985,-73.99457685,98.51784082562818,246.9486991,0.0,6096.0,6240.78,-124.73990544907716,-103.0194736,3,144.77999999999975,0.404994199999976,0.03030548000000266,32.855929567430096,92.86598135100004,Weak GNSS Signal (Simulated),Normal GNSS
41.06065653,-73.67824901,13.901205932970901,284.8862668,-2.60096,251.46,228.6,-151.13740975823782,-61.37709451,0,22.860000000000014,2.036927730000002,0.006041160000009427,49.71252949844221,89.54572171200013,Weak GNSS Signal (Simulated),Normal GNSS
40.85689739,-73.42344111,95.02255096912617,38.13130872,7.15264,3756.66,3832.86,-126.07835898285141,-463.446533,0,76.20000000000027,3.3796459999999797,0.027545169999996233,22.577220478756555,547.0902196197001,Weak GNSS Signal (Simulated),Weak GNSS Signal
40.49349976,-74.22869873,92.82768214079525,127.2051747,11.05408,2362.2,2400.3,-165.3196235586136,-618.9111557,0,38.100000000000364,3.285279099999997,0.023010249999998678,53.13933419318197,622.0834768120002,Weak GNSS Signal (Simulated),Weak GNSS Signal
40.60707092,-74.19647217,23.146004916682784,278.7022238,-0.65024,182.88,144.78,-165.0931893715271,3.972095728,0,38.099999999999994,0.0,0.0,54.278708799338716,94.89109273919983,Weak GNSS Signal (Simulated),Normal GNSS
40.87843323,-74.27197266,14.018520500326764,263.6598083,-2.92608,91.44,45.72,-146.80738576200315,174.5905855,0,45.72,0.0,0.0,34.970076874128104,74.41395588049991,Weak GNSS Signal (Simulated),Normal GNSS
40.77676935,-73.87636185,36.47529249156042,182.77641750174155,1.7649764068873306,1296.6709826257418,1422.9190719423957,-138.94064146018755,8.901816464724991,0,126.24808931665393,0.0,0.0,26.16475656712216,0.0,Weak GNSS Signal (Simulated),Normal GNSS
40.80905857,-73.36881276,154.2009284124183,68.02114088,-1.6256,8237.22,8503.92,-140.12011494320012,171.8392041,1,266.7000000000007,0.07114830000000438,0.037687590000004434,44.33463347647042,131.96424537399997,Weak GNSS Signal (Simulated),Normal GNSS
40.38098145,-74.17230225,13.374700599596054,312.4208525,-0.32512,304.8,304.8,-161.599852460945,245.7719703,0,0.0,1.4283553200000014,0.009597790000000828,24.877847730453393,187.8362949579999,Weak GNSS Signal (Simulated),Normal GNSS
40.6575534,-73.29448233,69.99897670651956,133.967521,21.7490957,-672.2923244,-655.161612,-134.7001834724041,51.08935142,2,17.130712399999993,154.76629016,0.1453627600000118,35.59102931649877,21.487277968999976,Weak GNSS Signal (Simulated),GNSS Jamming
41.05856168,-73.66763722,17.73631157629524,279.3601908,-1.6256,289.56,274.32,-155.8742223778831,-87.91820526,0,15.240000000000009,3.215504250000002,0.0066125399999918955,58.35297574699558,105.50736280300012,Weak GNSS Signal (Simulated),Normal GNSS
40.37695313,-74.1350708,64.25659638690632,193.4672166,-0.32512,5173.98,5318.76,-148.4494901526296,497.9653704,0,144.78000000000065,0.3795319000000177,0.021469109999991076,60.019338312591266,171.68047735999988,Weak GNSS Signal (Simulated),Weak GNSS Signal
40.77558227,-73.8759561,51.23929171584362,182.77641750174155,1.7649764068873306,0.0,1422.9190719423957,-147.93268471070485,8.901816464724991,0,1422.9190719423957,0.0,0.0,50.93188103025651,0.0,Weak GNSS Signal (Simulated),GNSS Spoofing
40.74608711,-74.16300955,9.324143817252207,107.5255684,-1.6256,7.62,-7.62,-121.08067886729847,-22.1188314,3,15.24,0.0,0.0028822000000019443,32.43846039683065,0.0,Weak GNSS Signal (Simulated),Normal GNSS
40.5691351,-73.31313028,68.38645565946929,223.4801177,5.326527557,-420.6710566,-433.1754902,-138.45363158241162,-153.9135981,2,12.504433600000027,5.860583399999996,0.13573703999998799,48.60723378070959,146.84669511500005,Weak GNSS Signal (Simulated),Normal GNSS
40.62467399,-73.14186163,4.071111651761584,98.27928581,-27.29126914,1767.41292,1774.088671,-117.87355283502873,78.43823791,2,6.675750999999991,27.627139299999996,0.2362844400000057,49.21797558681206,68.69134608299989,Weak GNSS Signal (Simulated),Normal GNSS
40.87882349,-74.26776539,13.129423439823608,263.246426,-3.2512,91.44,106.68,-157.43633908273995,267.2886176,0,15.240000000000009,0.0,0.0,35.5521390826329,168.12418222659994,Weak GNSS Signal (Simulated),Normal GNSS
40.77659478,-73.9380507,24.359886134903153,13.18296516,-1.30048,205.74,190.5,-158.0577199930358,-73.27618384,0,15.240000000000009,13.025490910000002,0.006543349999994064,45.64699400521974,95.2094811370001,Weak GNSS Signal (Simulated),Normal GNSS
40.77394928,-73.4725215,55.599556017460834,337.0780551,30.1314529,-708.2011597,-725.1820951,-113.11075561206175,-32.96214223,2,16.98093540000002,35.87562460000001,0.12596696999999324,22.053503113672207,54.071030562,Weak GNSS Signal (Simulated),Normal GNSS
40.9379425,-74.15533447,106.91385161936668,231.6692221,-5.20192,8267.7,8534.4,-153.5236144616768,597.245816,0,266.6999999999989,1.4451526999999942,0.03177753999999311,28.522248258124957,182.73235895000016,Weak GNSS Signal (Simulated),Normal GNSS
40.66108704,-74.18469238,32.4181189347736,180.9877604,8.45312,350.52,350.52,-130.9211215291974,253.4058166,0,0.0,5.572829369999994,0.008783009999994817,42.06333245761203,15.501804962999984,Weak GNSS Signal (Simulated),Normal GNSS
40.73487854,-74.13464355,8.007915212843871,17.52556837,-2.92608,15.24,0.0,-156.80906116085708,-54.83500719,0,15.24,0.0,0.0,26.613914231349483,105.79221267300011,Weak GNSS Signal (Simulated),Normal GNSS
40.49537659,-74.28704834,19.58073236938872,347.9492151,-1.30048,243.84,236.22,-131.23094630294082,25.9770577,0,7.6200000000000045,0.0,0.0,26.683560026770042,64.33350270519992,Weak GNSS Signal (Simulated),Normal GNSS
40.77615738,-73.87207031,49.88329612947196,182.77641750174155,1.7649764068873306,1296.6709826257418,1422.9190719423957,-159.35615287802506,8.901816464724991,0,126.24808931665393,0.0,3.815000000173541e-05,53.59218518849297,0.0,Weak GNSS Signal (Simulated),Normal GNSS
40.65196042,-74.44180697,28.459587296059002,268.1323212,1.30048,160.02,175.26,-95.70123112151208,146.068208,3,15.23999999999998,0.0,0.011524399999998991,63.067391384429186,86.15417432339997,Weak GNSS Signal (Simulated),Normal GNSS
40.77624893,-73.87197876,39.15950755830557,182.77641750174155,1.7649764068873306,1296.6709826257418,1422.9190719423957,-160.04532782636323,8.901816464724991,0,126.24808931665393,0.0,2.6709999993101974e-05,42.34756890904048,0.0,Weak GNSS Signal (Simulated),Normal GNSS
40.85984802,-73.36566162,41.355098303955806,260.7995995,0.0,1821.18,1836.42,-151.54939983340387,-318.9529679,0,15.240000000000009,0.0,0.009765629999996861,53.61514303894287,23.696791540000163,Weak GNSS Signal (Simulated),Normal GNSS
40.86598206,-73.9119873,20.892697573112375,36.27661936,3.57632,289.56,274.32,-146.65049836865416,308.0502155,0,15.240000000000009,2.2687422000000055,0.00918990999999636,59.76589062539655,234.92846398999987,Weak GNSS Signal (Simulated),Weak GNSS Signal
40.65607103,-73.31064398,22.892303300715078,317.060111,-0.32512,518.16,464.82,-141.84435428518188,-175.8001313,0,53.339999999999975,0.26484210000000274,0.00745575999999204,26.272637743465705,170.99586987600009,Weak GNSS Signal (Simulated),Normal GNSS
40.66577973,-73.64201103,62.52767679783875,109.7893547,17.55648,1424.94,1424.94,-148.14261806932342,-97.27130389,1,0.0,1.5404529000000196,0.01988661000000036,38.50563384235916,68.17666230100005,Weak GNSS Signal (Simulated),Normal GNSS
40.54872157,-73.82887407,28.277184550033176,265.4094568,0.32512,266.7,251.46,-162.35139723269322,-178.571136,0,15.23999999999998,1.0255387700000114,0.008252449999993416,35.77267885106222,56.311278848100116,Weak GNSS Signal (Simulated),Normal GNSS
40.77516329,-73.87163336,27.12682100230505,307.0565282,-5.52704,1296.6709826257418,1422.9190719423957,-135.55720314356748,48.88252354,0,126.24808931665393,0.0,2.7239999994321806e-05,23.240694800083237,127.8086436240001,Weak GNSS Signal (Simulated),Normal GNSS
40.67342089,-73.1543189,44.95017289415148,32.47685039,34.2993589,1247.043956,1225.406986,-131.38250653433238,159.3260939,2,21.63697000000002,73.01048726,0.09297946000000934,58.04550713854323,228.57643016909986,Weak GNSS Signal (Simulated),Weak GNSS Signal
40.69654332,-74.04034271,100.10299981460182,30.35009589,0.0,601.98,594.36,-107.85043276257605,10.84793878,3,7.6200000000000045,3.451490100000001,0.024981809999992777,38.62634021324339,24.14341702799998,Weak GNSS Signal (Simulated),Normal GNSS
40.68854969,-73.31732813,12.80022407729166,123.8147601,4.593690965,956.2894922,963.6604256,-133.01280621096487,80.15526819,2,7.370933400000013,200.0151593,0.13131010999999404,40.084768851723034,41.201850314199994,Weak GNSS Signal (Simulated),GNSS Jamming
40.60892743,-73.55658956,55.72081542578936,109.7901263,5.85216,1287.78,1272.54,-123.15520827371155,-57.22487354,1,15.240000000000009,5.658844400000021,0.01912962999999479,26.82961538556074,63.704986923599996,Weak GNSS Signal (Simulated),Normal GNSS
41.01168358,-73.88624018,26.407433120293994,5.834788997,-0.97536,312.42,297.18,-147.12788556889768,202.7523098,0,15.240000000000009,1.730168919999997,0.007097110000003681,27.3249325785787,312.7465412161999,Weak GNSS Signal (Simulated),Weak GNSS Signal
40.66184181,-73.42238333,56.32742401529072,179.3259803,33.9874318,1430.788859,1457.475592,-127.39844430135399,140.5741591,2,26.686733000000004,65.73846887,0.15479074999999654,57.75263766977376,117.920033875,Weak GNSS Signal (Simulated),Normal GNSS
40.58720398,-73.50524902,31.974379362060052,73.47910781,-1.95072,365.76,335.28,-137.12284725924908,122.501091,0,30.480000000000018,0.4214635100000024,0.009048460000002478,21.850355498830808,162.7678699595999,Weak GNSS Signal (Simulated),Normal GNSS
40.74161985795684,-73.71230522988994,4.969569848297205,192.8959526,9.10336,3596.64,3680.46,-138.41009621011938,8.901816464724991,3,83.82000000000016,1.7728146599999999,0.0,29.31409139774825,0.0,Weak GNSS Signal (Simulated),Normal GNSS
40.6781559,-73.27459636,67.35804630113925,341.0928084,-17.24525514,-550.3193328,-518.0179827,-138.2494626202635,140.0446835,2,32.301350100000036,109.57579532,0.05453744999999799,32.46475498515384,185.6482416699999,Weak GNSS Signal (Simulated),GNSS Jamming
40.66212998,-73.29883011,62.51738877638832,318.0855244,8.456781044,-1476.119691,-1467.782028,-139.95409711048268,140.2814023,2,8.33766300000002,8.671743919999997,0.19137989000000033,40.483627054203794,124.3496165450999,Weak GNSS Signal (Simulated),Normal GNSS
40.40333893,-74.22394492,87.50149472690335,47.39842133,0.0,10058.4,10401.3,-149.02477192301717,562.7788484,0,342.89999999999964,0.0,0.04218698000000387,46.55185403081579,269.2076211629999,Weak GNSS Signal (Simulated),Weak GNSS Signal
40.65261841,-73.54827881,64.65367222290563,123.9117135,9.10336,1539.24,1554.48,-137.6412189009045,403.8832662,0,15.240000000000009,2.7102875999999867,0.021362299999999834,40.51119773051539,577.9652596999999,Weak GNSS Signal (Simulated),Weak GNSS Signal
40.77623749,-73.87197876,60.26936047778777,182.77641750174155,1.7649764068873306,1296.6709826257418,1422.9190719423957,-162.76574430760408,8.901816464724991,0,126.24808931665393,0.0,0.000690470000002108,23.45882307811232,0.0,Weak GNSS Signal (Simulated),Normal GNSS
40.62583923,-73.23046875,19.96586088222456,226.0809242,-0.65024,609.6,563.88,-119.97348109004491,108.9035456,0,45.72000000000003,0.5758548200000035,0.008865359999994382,29.856344891701415,65.02334330879991,Weak GNSS Signal (Simulated),Normal GNSS
40.67933196,-73.34620493,23.611349548484853,142.5173232,-17.65917128,2514.795559,2498.3578,-111.65503192600443,-22.1188314,2,16.437758999999915,132.72573934000002,0.10254193999999472,54.231878523474585,4.763366668999893,Weak GNSS Signal (Simulated),GNSS Jamming
40.88459597,-73.39466442,64.77221728678869,38.3928667,12.35456,3947.16,4030.98,-119.73972576643074,-470.6029453,0,83.82000000000016,3.3790194999999983,0.0008559200000064493,46.80438560413856,363.59221533970003,Weak GNSS Signal (Simulated),Weak GNSS Signal
41.06354277,-73.71137966,67.56782062508957,182.77641750174155,1.7649764068873306,1296.6709826257418,1422.9190719423957,-152.62521061162113,8.901816464724991,0,126.24808931665393,0.0,0.00023862000001173556,46.02202208955631,0.0,Weak GNSS Signal (Simulated),Normal GNSS
40.34240205,-73.83006009,36.35239618125415,316.0416267,-2.92608,845.82,838.2,-141.79108057161517,-113.3467448,0,7.6200000000000045,1.0982210000000094,0.017493880000003514,46.87785846878058,382.5290413040001,Weak GNSS Signal (Simulated),Weak GNSS Signal
40.65219355,-73.13311972,16.76064814327093,55.86518022,-17.75079196,1067.117681,1069.699329,-138.64548034567372,159.3260939,2,2.5816480000000865,149.48239962,0.02149336999998752,51.30099761144247,181.89138819399997,Weak GNSS Signal (Simulated),GNSS Jamming
41.06638246,-73.7030931,0.0,0.0,0.0,1296.6709826257418,1422.9190719423957,-138.1408448623437,54.33599114,3,126.24808931665393,0.0,0.0,23.131607266473395,62.432131530999925,Weak GNSS Signal (Simulated),Normal GNSS
40.68248356,-73.32124068,44.2391707235993,328.9274695,-14.05949825,-38.39271484,-43.07851441,-120.04996312312953,-156.8387358,2,4.68579957,92.18738209000001,0.08336674000000244,36.11203949523719,129.16765407700012,Weak GNSS Signal (Simulated),GNSS Jamming
40.29035665,-74.02300748,39.73242627881179,208.9845604,0.32512,1813.56,1836.42,-162.86369027446142,-82.73887849,0,22.860000000000127,0.699540540000001,0.011261420000010958,41.74054978947529,131.50351098999982,Weak GNSS Signal (Simulated),Normal GNSS
40.65299858,-74.18012446,36.03844678011659,178.4765352,6.17728,487.68,472.44,-156.9698333828261,-286.730706,0,15.240000000000009,5.997316670000004,0.009802989999990075,34.216607185730055,570.184316137,Weak GNSS Signal (Simulated),Weak GNSS Signal
40.77044988,-73.86088111,55.25690887190829,182.77641750174155,1.7649764068873306,0.0,1422.9190719423957,-133.098173136407,8.901816464724991,0,1422.9190719423957,0.0,0.0,53.86468716765049,0.0,Weak GNSS Signal (Simulated),GNSS Spoofing
40.63116559,-74.19410706,53.142910347253085,202.53845,5.52704,594.36,586.74,-143.23338884088216,-346.2286546,0,7.6200000000000045,5.907149699999991,0.01279551999999029,39.31093624385218,253.87615721300017,Weak GNSS Signal (Simulated),Normal GNSS
40.6460725,-73.28290685,131.74881734540858,135.9811267,-2.309109713,-1369.853886,-1384.258566,-121.53937207817052,10.84793878,2,14.404679999999871,113.57625200000001,0.18624784999999378,52.267616255907164,24.143417027999874,Weak GNSS Signal (Simulated),GNSS Jamming
40.76957703,-73.88378906,35.380115499832044,182.77641750174155,1.7649764068873306,0.0,1422.9190719423957,-128.336034085,8.901816464724991,0,1422.9190719423957,0.0,0.0,54.245394897425946,0.0,Weak GNSS Signal (Simulated),GNSS Spoofing
40.63060696,-74.22225952,62.35659983566938,253.4769725,11.70432,647.7,624.84,-132.57327228168765,-483.329149,0,22.860000000000014,0.628289499999994,0.017096299999991516,40.352852762271155,572.49817139,Weak GNSS Signal (Simulated),Weak GNSS Signal
40.71055807,-73.50655571,7.5455913581851215,261.0565316,27.62837268,-1760.851243,-1771.087365,-146.87740116502977,-103.0194736,2,10.236122000000023,205.83378888,0.24033753000001212,58.260652581061436,59.12453859199999,Weak GNSS Signal (Simulated),GNSS Jamming
40.89916992,-73.49676514,87.39506029491369,49.07968983,0.0,8839.2,9121.14,-135.25061227795013,696.441473,0,281.9399999999987,0.0,0.037565440000001615,43.58096071274042,157.0206570800002,Weak GNSS Signal (Simulated),Normal GNSS
40.47036401,-74.30670945,83.6204014092783,179.9047688,14.6304,2964.18,2987.04,-145.1715905610964,125.582973,1,22.860000000000127,1.8678487999999902,0.014549949999995704,54.04722049299264,147.01937031009996,Weak GNSS Signal (Simulated),Normal GNSS
40.70576537,-73.24081489,92.01551448146122,27.92790278,15.19539853,-2282.265308,-2277.533018,-137.86935653709511,-3.581025124,2,4.732289999999921,68.63580918999999,0.05552640000001219,34.75411857868586,57.564056253600036,Weak GNSS Signal (Simulated),Normal GNSS
40.68379831,-73.34247413,20.49346960882433,15.48850144,-9.7536,4960.62,5082.54,-132.22001802011602,-130.5110509,3,121.92000000000007,12.00700535,0.0064594299999996,40.907382344924024,106.98408260100003,Weak GNSS Signal (Simulated),Normal GNSS
41.06638246,-73.7030931,0.0,0.0,0.0,114.3,1422.9190719423957,-148.0948267935385,-102.9814472,3,1308.6190719423957,0.0,0.0,41.83905152458766,81.80788292200008,Weak GNSS Signal (Simulated),Normal GNSS
40.78726771,-73.89362186,42.2148865723152,302.8450583,0.0,-7.62,1422.9190719423957,-137.99996561637568,63.14082432,3,1430.5390719423956,0.0,0.014405439999997327,34.2307980307294,142.23581301299998,Weak GNSS Signal (Simulated),GNSS Spoofing
40.86462506,-73.87718894,59.76339184848498,332.9044475,9.7536,883.92,883.92,-144.26032612498162,384.2757058,0,0.0,7.285731300000009,0.014778479999996819,35.9923174197532,352.6476160205,Weak GNSS Signal (Simulated),Weak GNSS Signal
41.07591403,-73.70967865,69.88577381347997,182.77641750174155,1.7649764068873306,129.54,1422.9190719423957,-138.70497718923303,8.901816464724991,0,1293.3790719423957,0.0,0.0,56.73705547836264,0.0,Weak GNSS Signal (Simulated),Normal GNSS
40.84605072,-73.45983332,101.88715784959786,50.10365141,0.97536,8229.6,8481.06,-154.2438644569729,918.094913,0,251.45999999999913,1.4493319999999983,0.03550244000000191,48.01905433451246,663.292400447,Weak GNSS Signal (Simulated),Weak GNSS Signal
41.07590103,-73.70967102,63.84706306246715,182.77641750174155,1.7649764068873306,1296.6709826257418,1422.9190719423957,-154.92929582014574,8.901816464724991,0,126.24808931665393,0.0,0.0,27.162253587706942,0.0,Weak GNSS Signal (Simulated),Normal GNSS
41.0630307,-73.70796204,0.0,0.0,0.0,121.92,83.82,-164.35799645015365,-106.0203617,0,38.10000000000001,0.0,3.387999999659996e-05,33.61543609722221,149.58053430600012,Weak GNSS Signal (Simulated),Normal GNSS
40.57929462,-73.70160658,150.42507058766083,70.16734511,-11.05408,10043.16,10401.3,-127.91615186868165,125.582973,1,358.1399999999994,1.4491844000000356,0.03960988999999415,28.404255596926976,147.01937031009993,Weak GNSS Signal (Simulated),Normal GNSS
40.77626038,-73.87194824,56.366893345287366,182.77641750174155,1.7649764068873306,7.62,1422.9190719423957,-156.4052178776313,8.901816464724991,0,1415.2990719423958,0.0,0.0,21.07603167703743,0.0,Weak GNSS Signal (Simulated),GNSS Spoofing
40.70991712,-73.47280466,77.73539072188949,264.798276,-24.36741203,3090.118603,3096.637959,-133.1144171096483,72.19014502,2,6.5193560000002435,44.701648000000006,0.19999798999999996,58.2970064057536,40.62397089719998,Weak GNSS Signal (Simulated),Normal GNSS
40.59052548,-73.49098206,26.23316606245121,73.07248694,-0.65024,365.76,327.66,-123.2189408634045,276.813396,0,38.099999999999966,1.9714333800000006,0.00891685999999936,38.02246161769321,224.6619948435999,Weak GNSS Signal (Simulated),Normal GNSS
40.45836405,-73.98213911,82.38560271340111,320.8100994,0.32512,899.16,899.16,-123.32545383876882,69.81525755,3,0.0,10.486467699999992,0.030159670000003302,34.94062723198908,90.92661455099999,Weak GNSS Signal (Simulated),Normal GNSS
40.7752533,-73.87162781,20.43254475639077,307.0565282,-5.52704,1296.6709826257418,1422.9190719423957,-152.16583007421798,146.8752625,0,126.24808931665393,0.0,0.0,44.04562683904555,64.14677841200012,Weak GNSS Signal (Simulated),Normal GNSS
40.72290254,-73.40154434,9.344941814558968,331.5526131,-3.90144,38.1,15.24,-115.69486462554411,107.6592617,1,22.86,0.0,0.0,20.5788599580554,92.21184128099996,Weak GNSS Signal (Simulated),Normal GNSS
41.06700897,-73.70401001,21.1360623739935,329.9057585,1.30048,1296.6709826257418,1422.9190719423957,-141.63331945366986,-271.2066913,0,126.24808931665393,0.0,0.0,31.288120231218382,82.20384728500014,Weak GNSS Signal (Simulated),Normal GNSS
40.679239,-73.19417691,57.975897502609115,19.20658047,18.16830882,3144.92765,3157.495788,-139.97452166785285,117.309828,2,12.56813800000009,3.3587875000000054,0.11714457000000067,49.1206941245184,125.408550371,Weak GNSS Signal (Simulated),Normal GNSS
41.07591403,-73.70966304,41.04050233003607,182.77641750174155,1.7649764068873306,1296.6709826257418,1422.9190719423957,-134.88058025376358,8.901816464724991,0,126.24808931665393,0.0,0.0,45.45417068062146,0.0,Weak GNSS Signal (Simulated),Normal GNSS
40.54029814,-73.19093779,63.64512281492387,167.3885344,20.9875375,-2306.332514,-2327.323556,-124.34745303194205,187.3656838,2,20.991041999999652,111.14728889999999,0.17389850999999368,60.854136835826246,208.54057613799986,Weak GNSS Signal (Simulated),GNSS Jamming
40.77301718,-73.86470724,24.78823933497386,322.8450583,0.0,1296.6709826257418,1422.9190719423957,-143.23240987271572,-183.4754882,1,126.24808931665393,0.0,0.0,44.92921786589831,158.28771563200004,Weak GNSS Signal (Simulated),Normal GNSS
